heartrate	Hm	km	maxElevation	max_speed	minElevation	position_lat_max	position_lat_min	position_long_max	position_long_min	rpm	speed	bike	type	date	endtime	starttime	rider_weight	rider_height	duration
	959,6	56,02812	666,2	53,4096	313,4	48,71718027	48,58461418	9,574801046	9,444907783		25,37478439	Rose PRO	Rennrad	22.02.2020	14:26:52	11:54:50	75	183	02:32:02
	444	16,43322	558,4	37,0836	342	48,75658561	48,7139415	9,516515806	9,48291963		18,01432263	Rose PRO	Rennrad	23.03.2020	16:23:22	15:25:15	75	183	00:58:07
	250,2	35,19066	393	39,168	266,2	48,79828272	48,70368046	9,517267412	9,170763139		20,0197573	Stevens Elite	Trecking	10.10.2018	19:43:03	17:58:56	74	183	01:44:07
	310,8	24,47906	461,6	48,2688	236	48,76650944	48,71543985	9,561147178	9,490548419		27,85846667	Rose PRO	Rennrad	12.02.2017	16:36:08	15:41:30	76	183	00:54:38
	28,4	3,237	539	26,0676	514	46,65119737	46,64066509	11,00654938	10,99285101	40,67073171	15,22122545	CUBE AIM RACE	MTB	08.08.2018	18:20:24	17:59:51	73	183	00:20:33
	3795,2	208,8906	751,2	59,8932	280,2	48,87839595	48,55485038	10,0585444	9,65564291		25,5007666	Rose PRO	Rennrad	26.06.2016	16:07:57	05:48:30	73	183	10:19:27
	152,6	35,15448	324,2	41,6196	234,2	48,79819622	48,70364727	9,517285516	9,170647552		24,20793225	Stevens Elite	Trecking	17.08.2018	08:06:03	06:39:10	72	183	01:26:53
	155,6	34,92986	324,6	37,3536	232,6	48,79828365	48,70363419	9,517270178	9,17089968		21,83438182	Stevens Elite	Trecking	24.06.2019	08:49:41	07:13:23	73	183	01:36:18
	253	34,9961	327,8	37,5876	227,6	48,79820393	48,70365808	9,517283253	9,168979805		21,49868624	Rose PRO	Rennrad	04.09.2017	20:03:24	18:27:16	73	183	01:36:08
	999	59,42954	770	51,5628	272,2	48,71905421	48,57439823	9,577808389	9,497023858	49,86933094	24,2218808	Rose PRO	Rennrad	04.07.2020	18:30:22	15:47:02	73	183	02:43:20
	1720,2	62,1243	2403	54,45	752,6	47,28741626	47,11647565	12,83434214	12,78398241		23,01955263	Rose PRO	Rennrad	04.06.2017	10:49:31	06:19:40	73	183	04:29:51
	166,2	34,91304	342,6	41,3496	252,2	48,79824735	48,70365263	9,517271519	9,170871601		23,68553132	Stevens Elite	Trecking	05.06.2018	08:32:49	07:04:03	73	183	01:28:46
	208,8	34,5542	318,2	40,0392	210,4	48,79811919	48,70366453	9,517300855	9,170746543		24,16711187	Stevens Elite	Trecking	19.09.2019	09:29:40	07:59:03	73	183	01:30:37
	185,2	34,89545	293,4	40,7448	200,6	48,79826034	48,7036569	9,51717345	9,170637997		21,84449874	Stevens Elite	Trecking	05.03.2019	09:32:24	07:57:08	75	183	01:35:16
	209	36,76133	341,6	36,378	245,4	48,79818147	48,70364903	9,523466332	9,170542862		21,8650275	Stevens Elite	Trecking	27.08.2018	18:56:33	17:15:40	71	183	01:40:53
	2685,8	154,74748	829,6	66,474	290,2	48,7204125	48,52364774	9,736216469	9,420183431	55,59307508	26,64020216	Rose PRO	Rennrad	31.05.2020	16:42:01	09:43:24	73	183	06:58:37
	179,8	35,00574	292,4	40,3092	202,2	48,79809564	48,70365355	9,517333629	9,170818543		22,9440169	Stevens Elite	Trecking	16.09.2019	08:59:25	07:26:06	73	183	01:33:19
	599,8	56,26195	492,6	51,0588	237,2	48,80846992	48,70778181	9,704796402	9,479011148	61,86197022	26,00003455	Rose PRO	Rennrad	03.05.2020	15:19:40	13:03:22	74	183	02:16:18
	245,2	34,89401	343,8	38,9664	255,6	48,79830628	48,70365649	9,517302699	9,170598434		24,145875	Stevens Elite	Trecking	23.05.2017	19:13:30	17:48:25	73	183	01:25:05
	365,6	31,94323	368,2	52,2324	244,8	48,71718739	48,65964227	9,524680199	9,37642755		20,99466313	Rose PRO	Rennrad	02.12.2018	13:42:42	12:04:56	75	183	01:37:46
120,6953762	1044,8	48,77681	493,2	56,4984	273,8	48,76620241	48,71537397	9,560316699	9,490791494	48,62253779	25,13652022	Rose PRO	Rennrad	10.05.2018	10:46:49	08:28:17	73	183	02:18:32
	187,8	35,37618	325,2	37,9908	241	48,79814585	48,70367895	9,517221982	9,170065681		23,19748621	Stevens Elite	Trecking	12.09.2019	19:46:15	18:17:08	73	183	01:29:07
	364,6	21,13778	484,8	57,204	275,2	48,76653065	48,71548855	9,560825983	9,490562081	63,39405204	28,79098885	Rose PRO	Rennrad	24.09.2017	13:17:36	12:29:01	73	183	00:48:35
	157,2	35,08099	305,6	36,9504	216,8	48,79828876	48,70365313	9,51731896	9,170769844		23,13303423	Stevens Elite	Trecking	27.08.2018	08:35:42	07:04:56	71	183	01:30:46
	206,8	34,62967	324,2	36,648	242,4	48,79821114	48,70361223	9,51729767	9,170866907		23,44833117	Stevens Elite	Trecking	24.07.2017	07:44:31	06:15:12	73	183	01:29:19
121,5350554	1885,6	34,18781	2677,8	48,7404	874,2	46,62205417	46,52866024	10,6920183	10,45330144		12,14640718	CUBE AIM RACE	MTB	19.07.2016	13:04:19	09:56:21	73	183	03:07:58
	1974,4	73,23044	1438,8	58,212	252,2	46,68326017	46,50079091	11,35158674	11,00221862		20,72268724	Rose PRO	Rennrad	22.07.2016	14:38:22	09:46:53	73	183	04:51:29
	150,4	35,17382	316	40,1076	218,6	48,79829907	48,70364198	9,517280068	9,170778478		23,43896358	Stevens Elite	Trecking	15.07.2019	10:03:29	08:34:00	73	183	01:29:29
	2141	128,35046	820	61,002	273,8	48,75589603	48,54317405	9,924111413	9,51294872		24,84346704	Rose PRO	Rennrad	05.05.2016	13:15:12	07:09:19	74	183	06:05:53
	1001	74,16675	322	50,2848	179,8	48,94344463	48,71438272	9,535873979	9,197871387		26,31077071	Rose PRO	Rennrad	03.10.2019	19:01:37	10:46:15	74	183	08:15:22
	259	34,87716	235,4	38,0916	105,2	48,79822732	48,70363092	9,517181246	9,170962041		21,93054689	Stevens Elite	Trecking	22.05.2018	08:04:29	06:31:58	73	183	01:32:31
	641	42,32402	508,8	61,7724	306,8	48,76648547	48,71698589	9,561185902	9,490580102	59,76334776	29,24585871	Rose PRO	Rennrad	25.08.2019	09:57:19	08:19:25	73	183	01:37:54
	158,6	34,94818	312	40,8132	218,2	48,79830871	48,70365892	9,517276548	9,170876797		21,84257558	Stevens Elite	Trecking	04.10.2018	09:25:18	07:49:33	73	183	01:35:45
	660,2	44,24998	525,8	54,216	315,6	48,74619464	48,66375494	9,625193384	9,463395327	51,65766332	24,77090977	Rose PRO	Rennrad	11.07.2020	18:33:09	16:37:17	73	183	01:55:52
132,9173659	1742,6	100,53716	680,6	56,232	149	48,75593827	48,52838209	9,697368108	9,447952509	57,72546012	27,1142769	Rose PRO	Rennrad	04.08.2019	11:58:09	07:40:52	73	183	04:17:17
	186,2	37,31163	64,6	42,66	-15,6	48,79822799	48,70363486	9,525772948	9,166061981		24,01508672	Rose PRO	Rennrad	14.08.2018	20:47:42	19:11:06	73	183	01:36:36
	248,2	24,31641	495,2	43,7364	272,4	48,7661248	48,71547237	9,561046595	9,490750339		26,39308506	Rose PRO	Rennrad	17.04.2017	09:58:36	09:03:35	75	183	00:55:01
	243,2	34,76795	335,2	42,2568	243,4	48,7983212	48,70365833	9,517274117	9,170906972		25,09537744	Stevens Elite	Trecking	02.06.2017	18:57:48	17:35:56	73	183	01:21:52
	209,6	35,02276	323,4	39,8376	223,6	48,79810201	48,70361349	9,517310914	9,170750817		24,42754023	Stevens Elite	Trecking	18.09.2019	09:35:03	08:09:41	73	183	01:25:22
	305,2	22,51246	412,2	39,7044	264,2	48,74377688	48,69986191	9,517273698	9,468219699		18,43472231	Rose PRO	Rennrad	14.06.2020	19:23:24	18:04:57	73	183	01:18:27
125,6023789	537,6	28,60439	480	58,0104	273,4	48,76629696	48,71547899	9,561157404	9,490716644	55,67119796	26,82241937	Rose PRO	Rennrad	06.09.2018	14:14:05	12:58:04	70	183	01:16:01
	213,8	9,50851	479,6	43,3656	280,8	48,74616455	48,71550255	9,532092651	9,506512927		22,46297056	Rose PRO	Rennrad	15.06.2016	19:41:09	19:15:46	73	183	00:25:23
	215,4	35,11393	349	38,9988	246,8	48,79828717	48,7036813	9,517280487	9,170464408		20,6191102	Stevens Elite	Trecking	19.10.2018	19:01:54	17:21:06	75	183	01:40:48
	332,8	21,31547	435,8	41,2164	303,2	48,73668655	48,69837438	9,517327677	9,468233949		18,25785167	Rose PRO	Rennrad	30.06.2020	18:49:12	17:35:59	73	183	01:13:13
	522,2	43,72468	492,6	49,0752	264,8	48,77888985	48,70848455	9,649175433	9,514820231	61,07218684	24,64919259	Rose PRO	Rennrad	01.10.2017	15:06:30	13:19:36	73	183	01:46:54
	276,6	36,02036	432,8	38,6964	276,6	48,79828826	48,7007716	9,517301358	9,170825751		21,67567667	Stevens Elite	Trecking	25.04.2019	18:03:15	16:23:05	74	183	01:40:10
	359,8	13,48025	549,2	45,8856	350,8	48,74373682	48,71484758	9,531688979	9,496713141		17,91492222	CUBE AIM RACE	MTB	31.03.2020	14:39:29	13:50:52	75	183	00:48:37
	288,6	24,45014	455,2	59,724	243	48,76644247	48,71543038	9,561146758	9,490566524	72,29597701	29,1802124	Rose PRO	Rennrad	04.11.2017	17:10:13	16:15:06	74	183	00:55:07
	226,2	35,25804	358	39,0672	251,6	48,79813856	48,70366864	9,517238829	9,170587873		22,50945378	Stevens Elite	Trecking	03.03.2020	17:04:50	15:30:45	75	183	01:34:05
	173	35,06404	341,6	40,41	250,4	48,79826495	48,7036367	9,517360283	9,170762887		23,49031696	Stevens Elite	Trecking	02.08.2019	08:38:38	07:10:49	73	183	01:27:49
	166,4	34,9812	296,8	46,7244	207,6	48,79808893	48,70366361	9,517277135	9,170806222		24,92140747	Carver Distaco 6000	Rennrad	13.09.2019	08:55:22	07:32:46	73	183	01:22:36
	245,8	34,77427	350,4	42,0876	251,6	48,79997654	48,70363411	9,515383495	9,170775628		23,36753956	Stevens Elite	Trecking	30.06.2017	08:39:34	07:10:24	73	183	01:29:10
140,8375196	534,4	35,28887	483,6	53,442	239,2	48,79749063	48,71545561	9,561023964	9,460416147	65,22213439	28,23327085	Rose PRO	Rennrad	05.05.2018	16:56:56	15:37:44	73	183	01:19:12
	265,4	34,44519	317,8	39,8736	218	48,79831147	48,70364567	9,517300269	9,176242054		23,1627397	Rose PRO	Rennrad	08.09.2017	16:04:18	14:34:05	73	183	01:30:13
	358,6	14,22792	425,2	40,2408	260	48,74683301	48,71394385	9,517302532	9,486200893		17,53605968	CUBE AIM RACE	MTB	06.04.2020	16:08:29	15:14:09	75	183	00:54:20
	289,2	35,34864	461,8	38,3256	290,4	48,79805122	48,70364894	9,517304543	9,170683846		21,93798846	Stevens Elite	Trecking	17.09.2019	19:13:04	17:35:38	73	183	01:37:26
	1243,4	76,46421	762,4	53,3088	279,6	48,7559257	48,57432196	9,657693207	9,497066019	51,56373938	25,134	Rose PRO	Rennrad	12.06.2020	18:44:06	15:17:49	73	183	03:26:17
	182,6	35,03452	342,2	36,4788	250,2	48,79826177	48,70366042	9,517292138	9,1709664		21,39746877	Stevens Elite	Trecking	10.09.2018	08:11:21	06:33:11	70	183	01:38:10
	892,4	62,70288	518,8	57,438	257,6	48,80906629	48,6658572	9,645343814	9,460447747	54,75221652	25,12071097	Rose PRO	Rennrad	14.09.2019	18:43:31	15:57:11	73	183	02:46:20
	426,2	66,8982	145,6	53,0064	-27,4	39,53869647	39,36851869	2,833367083	2,710506488		26,70899753	Mietrad - GHOST	Rennrad	07.04.2018	16:38:14	11:05:55	74	183	05:32:19
	155,2	34,89606	321	37,8576	221,4	48,79827116	48,70365506	9,517382076	9,170879396		23,2496296	Stevens Elite	Trecking	17.04.2018	07:32:40	06:03:48	73	183	01:28:52
124,3238095	666,2	91,26916	75,8	48,7404	-6,4	54,24595753	54,01780766	10,98623073	10,70098023		24,59398462	Giant	Rennrad	07.05.2019	15:01:07	10:02:18	74	183	04:58:49
	535	35,13383	504	51,1236	280,2	48,79154166	48,7169988	9,517531525	9,404795179	55,16373239	25,02099877	Rose PRO	Rennrad	23.06.2020	18:47:05	17:12:38	73	183	01:34:27
	240,4	35,32625	383,2	38,7972	255,6	48,7981352	48,70362874	9,517263472	9,170683175		23,01677003	Stevens Elite	Trecking	06.06.2018	21:02:07	19:31:03	73	183	01:31:04
	583	38,31181	471,6	56,736	201,2	48,80902011	48,71544379	9,560316196	9,460458392		25,86954	Rose PRO	Rennrad	28.09.2019	16:13:12	14:31:33	73	183	01:41:39
	765,8	74,80448	478,8	54,7524	227,2	48,81370299	48,7077979	9,723590054	9,460447663		26,58221121	Rose PRO	Rennrad	13.10.2019	15:27:02	12:26:49	74	183	03:00:13
	238	36,11298	380,2	40,914	250,4	48,79824274	48,7036771	9,523471193	9,171016105		22,53908243	Stevens Elite	Trecking	25.10.2018	19:06:21	17:31:08	75	183	01:35:13
	349	27,06948	336,8	41,6844	249,6	48,71719284	48,6922783	9,517283756	9,41136525		18,05316415	Rose PRO	Rennrad	06.07.2020	19:02:57	17:29:34	73	183	01:33:23
	156	34,93731	318,6	37,9584	232,8	48,7982922	48,70366361	9,517266406	9,170894986		20,76435983	Stevens Elite	Trecking	03.06.2019	08:35:58	06:55:36	73	183	01:40:22
	373	35,45992	269,4	38,9664	136,2	48,80004267	48,70365129	9,517235309	9,170874786		21,12256106	Stevens Elite	Trecking	30.06.2017	20:35:42	18:52:12	73	183	01:43:30
	185,8	35,33796	350,4	37,8216	267,2	48,79822095	48,70361265	9,517286103	9,170575971		22,31280782	Stevens Elite	Trecking	25.06.2019	21:14:39	19:41:26	73	183	01:33:13
	547,4	25,76047	526,6	51,7968	322,8	48,77742729	48,71702638	9,530144446	9,489394901		17,70778619	CUBE AIM RACE	MTB	08.12.2019	13:04:43	11:24:26	75	183	01:40:17
	1025	69,09567	712,6	56,5992	274,8	48,71718722	48,54729317	9,567382978	9,412898719	59,28044597	26,7638728	Rose PRO	Rennrad	01.05.2019	15:51:44	12:57:30	74	183	02:54:14
	260,2	22,27452	475,8	37,7568	275,6	48,75645334	48,7064024	9,584317273	9,502761019		15,31540305	CUBE AIM RACE	MTB	31.08.2019	18:30:12	16:41:51	73	183	01:48:21
	238	34,90793	340,4	36,8136	242,8	48,79825439	48,70362405	9,517261209	9,170864057		21,48420302	Stevens Elite	Trecking	27.09.2017	09:39:40	08:02:23	73	183	01:37:17
	200,6	34,83027	344,2	39,672	249,4	48,79816881	48,70363603	9,517284678	9,171141582		23,49194227	Stevens Elite	Trecking	22.05.2018	19:48:17	18:20:59	73	183	01:27:18
	810,4	58,42554	517,8	57,5388	285	48,79153026	48,7036626	9,561178945	9,404856702	62,95509773	27,62246345	Rose PRO	Rennrad	15.04.2018	14:07:57	11:48:18	73	183	02:19:39
123,9411415	626,6	42,41394	526	51,5952	296,8	48,78277578	48,70849947	9,641830204	9,50649742	55,0799508	24,42714293	Rose PRO	Rennrad	12.05.2018	19:36:51	17:46:14	73	183	01:50:37
	758	48,50899	488	54,5508	258,8	48,79159891	48,71440653	9,561056485	9,404857541	65,21058965	26,65188086	Rose PRO	Rennrad	23.06.2019	15:17:40	13:20:46	73	183	01:56:54
	151	35,04067	306,2	42,66	218,4	48,79828474	48,7036274	9,517239835	9,170771353		23,63923242	Stevens Elite	Trecking	21.08.2018	11:16:10	09:48:06	71	183	01:28:04
	431,6	24,72682	448,2	50,6196	253	48,76653451	48,71704121	9,561115913	9,490755619	60,70167064	26,51399147	Rose PRO	Rennrad	17.06.2020	14:25:32	13:15:48	73	183	01:09:44
	164,4	35,23803	298,8	39,9744	206,8	48,79825666	48,70361131	9,517288869	9,170794906		22,93170729	Stevens Elite	Trecking	11.07.2018	07:59:36	06:27:23	73	183	01:32:13
	421,4	56,10684	113,2	42,8292	-0,4	54,02816517	53,91187473	10,88379264	10,67345758		22,31044511	Giant	Rennrad	08.05.2019	12:24:02	09:01:44	74	183	03:22:18
	248,2	35,41315	401,2	39,0996	263	48,79814778	48,70366537	9,517124919	9,17050397		22,93052903	Stevens Elite	Trecking	04.06.2018	20:12:45	18:42:49	73	183	01:29:56
	263,4	35,40041	342	37,7208	241,8	48,79828851	48,70366721	9,516492672	9,17063741		20,16267523	Stevens Elite	Trecking	26.05.2017	16:57:24	15:12:52	73	183	01:44:32
	932,8	66,63227	500,6	55,0548	253,6	48,80891693	48,66608243	9,656540947	9,494324718		27,22395319	Rose PRO	Rennrad	05.04.2020	13:48:07	10:57:46	75	183	02:50:21
	582,4	40,0281	496,4	57,8772	257,6	48,79159413	48,71550137	9,560282668	9,404851506	67,5457958	27,42747297	Rose PRO	Rennrad	27.01.2018	16:23:03	14:48:13	75	183	01:34:50
134,9061743	1418,2	91,54984	789,8	57,7764	314	48,71721623	48,52843096	9,659815673	9,448956409	56,62290588	25,98141029	Rose PRO	Rennrad	02.06.2019	14:43:47	10:37:53	73	183	04:05:54
112,4127861	469,8	32,1131	516,6	49,446	265,2	48,81317879	48,71703761	9,5175731	9,257132197	46,73275178	23,17265489	Rose PRO	Rennrad	21.07.2019	09:03:13	07:15:50	73	183	01:47:23
	173,6	34,9224	328	41,5188	236	48,79828616	48,70366453	9,517302867	9,170718715		21,45484219	Stevens Elite	Trecking	07.03.2019	09:28:09	07:50:50	75	183	01:37:19
129,7626016	560,8	70,54381	266,8	52,2324	16,2	39,57204916	39,36848441	2,910386045	2,710696924		24,87040714	Mietrad - GHOST	Rennrad	26.03.2019	14:52:33	11:07:07	75	183	03:45:26
117,5620609	319,6	23,46557	465,6	48,7728	245,8	48,76621624	48,71392189	9,56112002	9,490790404		18,25583185	Rose PRO	Rennrad	17.03.2019	14:22:41	12:49:35	75	183	01:33:06
138,3078028	944,8	53,61249	468,2	60,498	234	48,79154887	48,71077758	9,560288703	9,404848991	60,69985639	28,01214974	Rose PRO	Rennrad	19.05.2018	18:05:20	15:55:00	73	183	02:10:20
	197,2	34,61067	328	41,2164	237,8	48,79825766	48,70364366	9,517321978	9,170759702		23,96997495	Stevens Elite	Trecking	06.07.2017	09:07:40	07:42:27	73	183	01:25:13
109,3033067	312,6	27,78064	507,8	59,8248	290,4	48,77300835	48,7154546	9,561139299	9,49069527	62,6255814	27,03848757	Rose PRO	Rennrad	29.07.2018	09:50:40	08:42:56	73	183	01:07:44
	185,6	13,31922	329,2	34,362	274,4	48,71731999	48,70399981	9,523469433	9,477326134		14,30229257	CUBE AIM RACE	MTB	19.04.2020	12:02:00	10:54:46	74	183	01:07:14
	139,8	4,09487	916,2	34,2972	842,4	47,41019488	47,40170896	10,26005155	10,24749538		8,906607458	CUBE AIM RACE	MTB	10.08.2019	17:23:02	16:41:39	73	183	00:41:23
	347	17,15145	464,2	39,672	252,8	48,7565877	48,71117212	9,517422309	9,480494326		18,23486087	Rose PRO	Rennrad	05.06.2020	15:22:32	14:21:45	72	183	01:00:47
	191,6	35,21515	318,6	37,9908	233	48,79829773	48,70368155	9,517327175	9,1704774		21,63930913	Stevens Elite	Trecking	19.04.2018	20:18:30	18:43:04	73	183	01:35:26
136,3304702	1041,6	56,14323	519,2	61,6032	315,4	48,76650919	48,71549835	9,561243569	9,490574487	56,9660787	27,89032948	Rose PRO	Rennrad	06.05.2018	14:46:23	12:27:37	73	183	02:18:46
	428,8	31,09445	513,6	51,1596	302,4	48,76654423	48,71545158	9,561215825	9,490546994		27,89171713	Rose PRO	Rennrad	16.07.2017	12:07:27	10:58:23	73	183	01:09:04
	2021,6	134,23974	720,8	61,0344	257	48,81002937	48,66916076	10,16359798	9,601577204		26,45184753	Rose PRO	Rennrad	30.04.2017	15:23:47	08:17:52	74	183	07:05:55
	304	21,71411	433,8	42,39	209,2	44,12524623	44,06705017	5,239868648	5,17620977	34,84869326	20,28861593	Rose PRO	Rennrad	19.06.2019	08:53:36	07:31:59	73	183	01:21:37
	191,2	34,61146	228,8	41,5836	135,8	48,79821525	48,70361759	9,517131876	9,170804042		25,04821718	Carver Distaco 6000	Rennrad	21.07.2017	07:49:14	06:26:58	73	183	01:22:16
	152	35,02685	321,8	42,7932	234,2	48,79828063	48,70365741	9,517344357	9,170616958		23,14776981	Stevens Elite	Trecking	25.07.2019	09:31:01	08:00:17	73	183	01:30:44
	266,2	35,32632	304,2	37,3536	213	48,79811576	48,70365422	9,517144784	9,170349156		22,96491801	Stevens Elite	Trecking	06.05.2020	19:37:06	18:07:39	73	183	01:29:27
	199,4	35,16375	319,8	37,0152	228,2	48,79813051	48,70364366	9,517237991	9,170442112		20,87128777	Stevens Elite	Trecking	08.06.2020	17:50:51	16:10:12	72	183	01:40:39
	212,4	35,31722	280,6	39,2004	196,4	48,79814995	48,70362983	9,517303873	9,171029264		21,30483019	Stevens Elite	Trecking	16.03.2020	18:31:08	16:54:52	75	183	01:36:16
	361,8	33,3171	397,2	51,1596	280,2	48,72036749	48,6637365	9,625181397	9,514871361	62,48743719	27,32596071	Rose PRO	Rennrad	18.07.2020	15:54:13	14:37:56	73	183	01:16:17
	190,6	34,62428	314,6	40,7448	218,6	48,79821324	48,70362975	9,517169092	9,170864141		23,17427881	Stevens Elite	Trecking	13.07.2017	08:39:19	07:11:02	73	183	01:28:17
	225,4	36,6238	376,4	41,3172	257,6	48,79824182	48,70366068	9,523418304	9,170742352		23,57100771	Stevens Elite	Trecking	11.09.2018	19:30:57	17:57:51	70	183	01:33:06
	211	25,29601	378,6	41,1804	271	48,73380762	48,70777879	9,645299139	9,514821991	66,64929577	26,46684507	Rose PRO	Rennrad	07.05.2020	17:01:45	16:03:40	73	183	00:58:05
	1063,8	100,28028	543	60,3972	211,6	48,81896256	48,70853023	9,733083732	9,385298872	64,25070522	30,48724313	Rose PRO	Rennrad	10.06.2018	13:53:39	09:50:19	73	183	04:03:20
	164,2	8,90075	413,4	30,4668	290,4	48,73670046	48,71394142	9,517308734	9,494145261		16,1439168	CUBE AIM RACE	MTB	15.09.2019	18:16:07	17:35:02	73	183	00:41:05
	504,8	18,5485	501,8	37,62	302,2	48,75121398	48,71391166	9,51728275	9,480497176		17,24571582	CUBE AIM RACE	MTB	30.03.2020	13:35:11	12:19:46	75	183	01:15:25
	333,6	35,21277	404,6	37,5552	251,2	48,79831776	48,70367886	9,517191472	9,170742687		20,37670951	Stevens Elite	Trecking	23.11.2017	17:15:51	15:33:24	74	183	01:42:27
	211	34,71299	292,6	39,4704	202,6	48,79816689	48,70365615	9,517287528	9,170592148		21,81740478	Stevens Elite	Trecking	17.05.2019	20:17:25	18:41:43	74	183	01:35:42
	243	35,29396	392,4	39,4344	264,8	48,79813151	48,70363964	9,517279817	9,170289729		21,22454344	Stevens Elite	Trecking	18.03.2020	18:30:38	16:51:52	75	183	01:38:46
	286,6	20,26878	510,2	50,7564	287,6	48,76649042	48,71541965	9,561235942	9,490560992	65,5571205	26,8247855	Rose PRO	Rennrad	04.02.2018	13:10:16	12:22:44	74	183	00:47:32
	227,4	37,28301	361,4	39,8376	248,2	48,79810729	48,70364743	9,526902996	9,170801947		20,58080241	Stevens Elite	Trecking	18.09.2018	19:28:26	17:38:59	72	183	01:49:27
	388,2	16,05416	455,4	41,1804	267,2	48,74683385	48,71394443	9,517420549	9,480477059		17,17575366	CUBE AIM RACE	MTB	04.05.2020	13:52:01	12:48:28	74	183	01:03:33
	194	37,23712	344,2	41,1804	252	48,79828339	48,70363595	9,517324325	9,166905116		22,3085477	Rose PRO	Rennrad	11.06.2018	09:07:41	07:16:11	73	183	01:51:30
	275	35,19184	348,4	37,8216	237,6	48,79820318	48,70363905	9,517296329	9,171571741		21,26772295	Stevens Elite	Trecking	17.10.2017	18:41:56	17:04:28	74	183	01:37:28
	730,6	56,01901	636,2	55,5588	282,8	48,7203907	48,60714097	9,621047108	9,514825009	61,21125144	26,89196932	Rose PRO	Rennrad	08.06.2019	19:19:27	17:01:57	73	183	02:17:30
	293	24,43592	480,4	55,5264	265,2	48,76650492	48,71548469	9,561203001	9,49054976		28,13263956	Rose PRO	Rennrad	14.04.2017	14:39:05	13:43:21	75	183	00:55:44
	697	33,9917	479,4	44,2404	242,4	48,77858592	48,71392775	9,582676934	9,481788576		18,24805852	Rose PRO	Rennrad	01.05.2020	14:54:50	12:51:26	74	183	02:03:24
	150,8	34,97137	320	39,0312	227,4	48,79826537	48,70361466	9,517297084	9,170826506		23,02904414	Stevens Elite	Trecking	14.06.2019	08:23:21	06:51:30	73	183	01:31:51
	219	36,48139	372,4	39,3012	260,6	48,79819949	48,70367509	9,523481587	9,170799097		23,4787334	Stevens Elite	Trecking	27.09.2018	20:06:37	18:33:46	73	183	01:32:51
129,3039099	4267,4	228,9409	794,8	64,494	314	48,79504362	48,52358663	9,931420181	9,377387781	52,84911596	26,39395335	Rose PRO	Rennrad	30.06.2019	17:48:30	05:15:22	73	183	12:33:08
118,9319699	1088,6	63,1153	1581,8	62,5464	994,2	47,13635199	46,9634728	11,01221345	10,9228544	52,2766402	28,25387416	Rose PRO	Rennrad	26.07.2018	13:11:38	09:31:59	73	183	03:39:39
	447,8	22,03374	465	57,6756	281,8	48,76649964	48,71701187	9,519576458	9,490543222	52,62065095	26,44992323	Rose PRO	Rennrad	20.09.2017	16:47:32	15:51:00	73	183	00:56:32
	199,2	34,63864	320	40,878	224,6	48,79824635	48,70364559	9,517293395	9,17073003		24,8660858	Carver Distaco 6000	Rennrad	16.05.2017	08:30:58	07:07:30	74	183	01:23:28
	575	40,42375	499,2	57,3732	255,6	48,80468633	48,71235858	9,608506104	9,494270235		27,68335378	Rose PRO	Rennrad	09.06.2018	15:17:38	13:40:59	73	183	01:36:39
	813,2	61,18051	495,8	54,0468	261,8	48,76648639	48,6383488	9,651860995	9,463395663		25,59115294	Rose PRO	Rennrad	04.04.2020	15:54:33	13:22:23	75	183	02:32:10
	463,2	24,26831	494,6	39,6036	271,4	48,76648011	48,71543792	9,561077356	9,489392722		18,037471	Rose PRO	Rennrad	19.01.2019	16:14:18	14:47:12	76	183	01:27:06
	340,6	35,50059	444,6	41,1804	278,8	48,79816932	48,7036699	9,517196668	9,17049299		24,43795768	Stevens Elite	Trecking	18.09.2019	18:56:46	17:29:34	73	183	01:27:12
	189,8	35,32545	347,6	38,9988	260,6	48,79823201	48,70363268	9,517268166	9,170587203		22,79015132	Stevens Elite	Trecking	25.07.2019	20:54:52	19:23:30	73	183	01:31:22
	206	36,68553	306,6	41,382	220,8	48,79815507	48,70367761	9,523500111	9,170445297		23,95273906	Stevens Elite	Trecking	10.07.2018	20:22:06	18:50:02	73	183	01:32:04
	264,2	35,84254	296,4	37,3536	204,6	48,8000187	48,70363754	9,517236818	9,170882748		22,50070754	Stevens Elite	Trecking	17.07.2020	18:37:31	17:04:49	73	183	01:32:42
	705	74,36214	1002,2	55,3248	556,4	46,65124213	46,60983947	11,00491516	10,5821701		22,67851301	Rose PRO	Rennrad	29.12.2019	15:11:51	11:38:02	76	183	03:33:49
	38,8	7,86847	930,2	36,4788	313,6	48,80093954	48,71468514	9,525737325	9,173887493		19,53422679	Rose PRO	Rennrad	23.07.2019	22:03:16	21:00:15	73	183	01:03:01
	546,8	33,67788	494	59,7564	274,8	48,7690137	48,7083014	9,561144747	9,463601187	53,3910473	25,68598495	Rose PRO	Rennrad	27.07.2019	18:34:25	17:02:54	73	183	01:31:31
	450,8	40,58774	390,4	52,8372	273,6	48,72039439	48,64029273	9,617373822	9,465089981		27,16925325	Rose PRO	Rennrad	14.07.2018	19:06:57	17:35:29	73	183	01:31:28
	603	40,52889	485,2	54,9864	241,6	48,79934706	48,7036792	9,517574441	9,379862119	63,55274889	26,69846924	Rose PRO	Rennrad	15.09.2019	11:37:35	09:56:32	73	183	01:41:03
	402,8	24,83175	494,8	53,3088	298,4	48,76616235	48,71701892	9,561062017	9,490874223	59,88834951	27,66502136	Rose PRO	Rennrad	19.08.2019	19:07:59	18:07:35	73	183	01:00:24
	232,6	36,66404	384,8	39,8052	257	48,79815741	48,70372019	9,523511343	9,17089331		23,46611661	Stevens Elite	Trecking	21.08.2018	20:24:26	18:51:43	71	183	01:32:43
	244,8	34,93293	284	39,132	189,6	48,79832723	48,70367249	9,517211672	9,170635063		21,83184301	Stevens Elite	Trecking	16.03.2017	19:01:20	17:26:37	75	183	01:34:43
	131,4	2,83576	582,6	26,838	485,8	46,65132335	46,63843056	11,00742982	11,00013488	30,54605263	13,14014211	CUBE AIM RACE	MTB	08.08.2018	16:11:44	15:54:09	73	183	00:17:35
	202,4	14,16321	373,2	29,8944	283,2	48,7171656	48,70317033	9,536965219	9,477965757		12,46223032	CUBE AIM RACE	MTB	31.12.2018	15:50:35	14:25:41	76	183	01:24:54
	128,4	11,3504	313,6	26,5356	257,6	48,71718002	48,70607223	9,523174977	9,463200867		12,90602812	CUBE AIM RACE	MTB	21.05.2017	12:28:41	11:31:24	73	183	00:57:17
	79,4	6,71139	314,4	33,2892	266	48,71734556	48,70911252	9,51721075	9,478611667		16,36697872	CUBE AIM RACE	MTB	24.08.2019	17:27:36	17:02:07	73	183	00:25:29
	298,8	24,3381	397,2	33,5916	291,2	48,73666056	48,70161692	9,560142774	9,465957424		15,72779854	CUBE AIM RACE	MTB	12.01.2019	14:57:18	13:13:25	76	183	01:43:53
	300,6	15,12016	464,6	39,9384	247,6	48,75657815	48,71391795	9,517296078	9,480486279		17,53260764	CUBE AIM RACE	MTB	03.06.2020	09:06:21	08:10:59	72	183	00:55:22
	191,6	12,9227	328,8	33,7572	268	48,71734321	48,69985102	9,523166846	9,468221711		14,51867294	CUBE AIM RACE	MTB	25.08.2019	14:00:28	13:00:37	73	183	00:59:51
	552	28,68716	499	41,0472	285	48,75386694	48,71541915	9,579315456	9,496588586		16,30247809	CUBE AIM RACE	MTB	23.01.2019	16:32:50	14:44:44	76	183	01:48:06
	120,2	10,66301	266,8	32,6484	211	48,71725109	48,70596796	9,523150334	9,46616211		15,88765714	CUBE AIM RACE	MTB	19.02.2017	12:59:20	12:09:20	75	183	00:50:00
	483,2	28,95687	525,6	36,2772	285,4	48,77850956	48,7154945	9,602920236	9,487578375		13,38721349	CUBE AIM RACE	MTB	26.01.2019	16:33:41	14:17:06	76	183	02:16:35
	310,4	15,20688	505,2	37,7892	287,2	48,75841747	48,71389406	9,517271938	9,48291393		17,03754805	CUBE AIM RACE	MTB	26.01.2020	14:39:42	13:43:10	76	183	00:56:32
	225,4	12,22875	370,2	29,0232	299,8	48,71751797	48,69984733	9,523225771	9,468247695		12,38072663	CUBE AIM RACE	MTB	01.06.2019	12:28:01	11:13:12	74	183	01:14:49
	253	10,04175	394,6	39,7728	263,2	48,7367407	48,71393957	9,516808586	9,489323152		16,42881518	CUBE AIM RACE	MTB	30.04.2020	14:14:20	13:33:33	74	183	00:40:47
	315,8	12,26983	530,2	37,62	332	48,74673938	48,71393337	9,516906319	9,485954717		17,89259218	CUBE AIM RACE	MTB	24.03.2020	16:08:47	15:21:57	75	183	00:46:50
	60	3,12274	318	20,6928	270,2	48,71717121	48,7093333	9,524632338	9,512014054		10,60310289	CUBE AIM RACE	MTB	15.07.2017	16:49:39	16:20:14	73	183	00:29:25
	351,8	18,07658	429,6	38,0916	269	48,73671714	48,70533429	9,517293815	9,472637214		16,79300945	CUBE AIM RACE	MTB	27.05.2020	17:14:46	16:05:10	73	183	01:09:36
	404,8	22,62444	386,8	33,1884	284,6	48,71735469	48,67030439	9,524411559	9,451264283		14,80577622	CUBE AIM RACE	MTB	08.09.2018	15:34:50	13:31:38	70	183	02:03:12
	90,8	8,51301	328,6	26,5716	280	48,71723752	48,70895661	9,523241529	9,478235487		13,0011125	CUBE AIM RACE	MTB	26.05.2019	18:15:14	17:35:48	74	183	00:39:26
	80,6	8,3629	315,6	26,838	270,8	48,71718085	48,70894094	9,523240272	9,478298351		13,2408766	CUBE AIM RACE	MTB	06.05.2018	09:32:45	08:47:40	73	183	00:45:05
	47,6	4,35287	345,8	25,866	306,8	48,74187914	48,73326858	9,55979811	9,543689433		13,68005035	CUBE AIM RACE	MTB	16.04.2017	15:07:56	14:38:57	75	183	00:28:59
	785,4	34,56348	376,8	48,1356	141,4	48,77844972	48,71543893	9,613605235	9,502792619		17,50352365	CUBE AIM RACE	MTB	02.02.2019	13:57:32	11:47:05	76	183	02:10:27
	206,4	15,36731	914,8	36,5112	738,8	47,5048067	47,40468546	10,28234172	10,24087636		15,22260773	CUBE AIM RACE	MTB	11.08.2019	12:44:54	11:31:19	73	183	01:13:35
	178,4	12,05961	329,4	30,5676	266,8	48,7173531	48,69985001	9,517248636	9,468243169		12,8603797	CUBE AIM RACE	MTB	04.07.2020	12:33:09	11:30:43	73	183	01:02:26
	450,2	22,26266	468,6	39,906	235	48,77745939	48,71389473	9,531488987	9,480472617		17,40292613	CUBE AIM RACE	MTB	06.01.2020	15:27:04	14:03:59	76	183	01:23:05
	453,8	22,12739	403,4	39,8736	270,4	48,74383229	48,71285168	9,517298006	9,489059709		14,8630002	CUBE AIM RACE	MTB	31.03.2019	14:30:53	12:23:52	75	183	02:07:01
	214,8	20,05902	374	36,144	273,4	48,75647807	48,71514296	9,561069645	9,512992725		17,81698754	CUBE AIM RACE	MTB	23.04.2017	18:00:11	16:41:50	75	183	01:18:21
	521,4	25,73314	499,4	36,8496	302,6	48,74681918	48,69986166	9,517359529	9,468210312		17,66337221	CUBE AIM RACE	MTB	16.06.2020	20:15:03	18:41:14	73	183	01:33:49
	72	7,41326	311,6	27,6768	266,6	48,71725889	48,70892719	9,520353796	9,47819978		14,26537385	CUBE AIM RACE	MTB	07.07.2018	18:34:17	18:02:00	73	183	00:32:17
	138	11,43675	316,4	33,12	257,8	48,71736601	48,7053156	9,517257689	9,463067427		15,81907972	CUBE AIM RACE	MTB	03.08.2019	19:13:20	18:26:49	73	183	00:46:31
	135,4	20,01576	428,4	28,2492	330,2	48,69236036	48,63391603	9,170328788	9,124690164		13,07731331	CUBE AIM RACE	MTB	29.07.2017	17:28:03	14:18:23	73	183	03:09:40
	44,8	15,94302	911,6	35,136	741	47,50625627	47,40649335	10,28297279	10,24754936		15,63780984	CUBE AIM RACE	MTB	11.08.2019	11:09:55	09:54:38	73	183	01:15:17
	436,4	21,67114	516	44,1036	283,4	48,77734557	48,71390956	9,530088454	9,48047488		17,63988784	CUBE AIM RACE	MTB	18.01.2020	14:58:21	13:37:11	76	183	01:21:10
	110,4	10,67104	333,4	33,1524	272	48,71718982	48,7089375	9,523474127	9,478235738		14,00557822	CUBE AIM RACE	MTB	24.04.2020	18:39:03	16:57:12	74	183	01:41:51
	151,2	10,11446	323,8	32,5152	266,4	48,71810487	48,70890724	9,524915228	9,477941282		13,90209231	CUBE AIM RACE	MTB	29.08.2019	17:20:59	16:25:53	73	183	00:55:06
	249,2	10,26785	379	36,9144	253,4	48,7367215	48,71390831	9,517264981	9,493955327		15,760215	CUBE AIM RACE	MTB	07.07.2019	16:56:39	15:57:25	73	183	00:59:14
	400	18,5325	478,4	37,656	264,2	48,7653312	48,71391166	9,517272189	9,480433892		16,02052755	CUBE AIM RACE	MTB	14.12.2019	16:03:01	14:40:24	75	183	01:22:37
	250,4	10,73033	392,6	31,7088	234,6	48,74364881	48,71396539	9,517351817	9,494071836		17,29044649	CUBE AIM RACE	MTB	09.11.2019	13:49:14	13:12:22	75	183	00:36:52
	527,4	42,38259	454,4	52,3332	253,2	48,76652755	48,66375628	9,625163376	9,490646236	60,71865443	26,5945253	Rose PRO	Rennrad	25.07.2020	18:41:56	16:56:05	73	183	01:45:51
	523,4	45,51934	591,8	50,5548	274,8	48,756049	48,70775515	9,723038943	9,514846383	61,07510431	26,33540988	Rose PRO	Rennrad	07.06.2020	16:24:13	13:48:51	72	183	02:35:22
	794,6	51,41033	447,4	56,0628	207,4	48,79158366	48,71081354	9,561100993	9,404808003		26,01865929	Rose PRO	Rennrad	26.02.2017	14:37:26	12:27:04	75	183	02:10:22
	1062,6	41,4136	486	56,5668	276,4	48,76622463	48,71590588	9,560266994	9,490841953	49,84312749	25,56972537	Rose PRO	Rennrad	01.05.2018	18:12:58	16:17:28	73	183	01:55:30
	1256,6	74,58274	795,6	56,0628	273,6	48,71904365	48,54607629	9,621120784	9,497024696	55,03316139	26,02380704	Rose PRO	Rennrad	12.07.2020	13:56:30	10:37:38	73	183	03:18:52
	459,8	52,93512	510	55,5264	276,2	48,78591883	48,70779027	9,704762539	9,514843617	66,38153185	28,21627468	Rose PRO	Rennrad	08.05.2020	16:37:32	14:39:01	73	183	01:58:31
	933,6	60,19445	608,8	52,6032	235,2	48,75592134	48,60712345	9,651937941	9,506524494	60,94549058	25,6726666	Rose PRO	Rennrad	02.03.2019	15:51:31	13:12:55	75	183	02:38:36
	349,6	15,44892	477,4	42,7284	293,8	48,74625851	48,71586515	9,518952509	9,506463306	44,3816156	24,02862191	Rose PRO	Rennrad	01.09.2017	19:14:27	18:33:52	73	183	00:40:35
	793,4	50,68976	463,8	53,8776	206,6	48,81249374	48,71703057	9,517558683	9,35047525	62,47668998	27,48367674	Rose PRO	Rennrad	19.04.2020	17:13:05	15:13:34	74	183	01:59:31
	512,6	36,99412	484,2	51,8292	262,4	48,76654976	48,66582284	9,592777127	9,490523776		26,50741032	Rose PRO	Rennrad	10.11.2019	15:32:03	13:58:44	75	183	01:33:19
	551	37,90734	502,2	56,7	255,2	48,80458742	48,70850785	9,608496716	9,49052277	55,08723236	26,49203548	Rose PRO	Rennrad	24.04.2019	17:32:46	15:50:18	75	183	01:42:28
	470,8	53,30381	498,8	48,7404	267,2	48,78594968	48,70777728	9,704753067	9,514832972	66,73167358	25,90429383	Rose PRO	Rennrad	13.07.2020	18:13:46	16:03:34	73	183	02:10:12
	293,6	22,73371	395,8	54,684	289,8	48,72036371	48,68570597	9,617435765	9,514873037		25,96413719	Rose PRO	Rennrad	19.03.2020	15:46:48	14:49:47	75	183	00:57:01
	447	20,12831	562,4	40,8132	345	48,76014708	48,71330121	9,526865445	9,489422981		18,50100723	Rose PRO	Rennrad	01.01.2019	11:36:50	10:23:05	76	183	01:13:45
	1170	110,08894	479,2	56,4984	224,8	48,81271234	48,70829025	9,723550742	9,248787425	65,50015494	27,21930297	Rose PRO	Rennrad	22.04.2018	11:58:37	07:12:02	73	183	04:46:35
	618,8	57,92761	515	59,1516	281,4	48,78591925	48,70777401	9,704804951	9,506515274	65,61233211	27,5254212	Rose PRO	Rennrad	13.06.2020	14:54:08	12:35:01	73	183	02:19:07
	635,2	47,21033	426,4	51,0588	263,4	48,71720835	48,59297899	9,542252859	9,447933482	56,08592777	25,54788363	Rose PRO	Rennrad	17.04.2020	18:13:52	16:14:58	74	183	01:58:54
	198,2	13,08003	335,2	40,6116	267,8	48,71713635	48,69983492	9,523444287	9,466017103		19,60069222	Rose PRO	Rennrad	26.02.2020	11:29:54	10:48:38	75	183	00:41:16
	2017,6	135,38484	709,8	66,2724	205	48,81125255	48,61548624	9,89815115	9,393900298	60,70965651	25,99496713	Rose PRO	Rennrad	12.04.2020	16:26:01	10:18:55	74	183	06:07:06
	399,8	30,27984	491,6	60,5988	284,8	48,76619194	48,70277563	9,584290953	9,490834326		28,17995208	Rose PRO	Rennrad	13.07.2018	19:34:37	18:25:38	73	183	01:08:59
130,2840104	1447,8	47,81473	2445,2	53,442	1363,6	46,96756468	46,88555933	11,09761398	11,0073455	44,13541667	24,59413661	Rose PRO	Rennrad	19.07.2020	15:48:06	13:03:27	73	183	02:44:39
	569,2	38,6997	553	49,5792	256,2	44,08350946	44,03486148	5,2945117	5,177048128	56,52286585	24,27351526	Rose PRO	Rennrad	16.06.2019	20:20:33	18:27:51	73	183	01:52:42
	295,4	24,47072	461,2	42,7608	240,4	48,76649033	48,71546684	9,561113399	9,490560992		22,48189987	Rose PRO	Rennrad	28.01.2017	16:41:26	15:30:58	76	183	01:10:28
	486,8	43,18108	488,2	53,172	288,4	48,72040403	48,63621192	9,65184113	9,5148608	60,84662577	27,21295805	Rose PRO	Rennrad	22.05.2020	17:42:58	16:03:45	73	183	01:39:13
	526,2	34,93883	476,2	53,9784	234,2	48,80457284	48,71237065	9,588991441	9,490524363	57,09153122	26,37993966	Rose PRO	Rennrad	22.08.2018	18:57:22	17:29:18	71	183	01:28:04
	397,2	23,91044	429,4	53,8128	234,6	48,7661574	48,71702881	9,560686341	9,490798702		27,76248085	Rose PRO	Rennrad	02.11.2019	15:19:25	14:22:20	74	183	00:57:05
	532,6	35,52074	534,8	55,962	301,8	48,79159162	48,71701598	9,517566813	9,40379723	60,18948247	26,41191686	Rose PRO	Rennrad	25.05.2020	17:52:52	16:20:54	73	183	01:31:58
	551,2	20,80299	581,6	44,64	350,8	48,76651095	48,71392767	9,519509487	9,481669217		18,37464561	Rose PRO	Rennrad	29.12.2018	14:15:23	12:56:43	76	183	01:18:40
	398,4	26,15825	375,2	42,9624	258,8	48,71903376	48,67718644	9,564787522	9,468240486		19,86745169	Rose PRO	Rennrad	15.05.2020	14:13:55	12:52:37	73	183	01:21:18
	284,6	24,40178	485	61,5384	278	48,76656233	48,7154639	9,561137538	9,49057918	71,50490884	29,12323951	Rose PRO	Rennrad	04.08.2018	09:05:41	08:10:26	73	183	00:55:15
	648,8	41,33558	514,6	51,2604	293,6	48,76649662	48,68561771	9,61750282	9,490556717		24,40074986	Rose PRO	Rennrad	05.01.2020	16:05:16	14:16:11	76	183	01:49:05
	375,2	33,04789	405	49,914	283,8	48,72039984	48,66375175	9,625180056	9,514894914	62,26785714	26,98068353	Rose PRO	Rennrad	30.05.2020	18:26:49	17:10:02	73	183	01:16:47
	336,8	14,29274	444,8	39,5352	256,8	48,74680141	48,71395089	9,517258443	9,48043339		18,13519651	Rose PRO	Rennrad	27.03.2020	16:02:53	15:10:48	75	183	00:52:05
	919,8	50,93198	682,6	52,2324	282,8	48,71718857	48,60024031	9,6576689	9,514852501		25,72782713	Rose PRO	Rennrad	08.02.2020	15:38:12	13:21:52	75	183	02:16:20
	550	33,34584	449,4	54,18	194,2	48,79750094	48,71701112	9,528368907	9,460415561	58,84068627	26,12741176	Rose PRO	Rennrad	10.05.2020	14:06:16	12:40:24	73	183	01:25:52
	154,2	34,08057	315,2	34,2612	220,4	48,79815063	48,70365791	9,517316278	9,173799902		19,49934181	Rose PRO	Rennrad	16.01.2020	08:34:33	06:51:43	76	183	01:42:50
	214,2	14,30438	382,4	39,9744	278,4	48,71902462	48,69469866	9,538108092	9,472961677		20,829825	Rose PRO	Rennrad	21.04.2020	09:23:26	08:38:57	74	183	00:44:29
	224,8	25,34455	404,2	46,2204	296,6	48,73379027	48,70777267	9,645284638	9,514762815	65,13571429	26,12666109	Rose PRO	Rennrad	23.04.2020	15:13:18	14:15:00	74	183	00:58:18
	296,8	24,55713	497,4	53,442	276,2	48,76649193	48,71547757	9,56117182	9,49055722		27,18992768	Rose PRO	Rennrad	30.10.2016	13:05:29	12:10:14	75	183	00:55:15
	1989,4	100,49256	815,8	60,7644	400,8	48,64336847	48,52359217	9,746123962	9,431766467	51,46523138	26,50032445	Rose PRO	Rennrad	28.06.2020	15:49:08	09:42:20	73	183	06:06:48
	296	24,3725	506,6	50,5188	285,8	48,76651179	48,71542367	9,561246838	9,490596615	63,79319728	27,20474155	Rose PRO	Rennrad	23.12.2017	12:53:49	11:57:02	75	183	00:56:47
	905,8	56,60322	664,6	55,1232	282,6	48,71720642	48,6001606	9,657768393	9,49763733		27,14437405	Rose PRO	Rennrad	20.10.2019	15:39:36	13:19:38	74	183	02:19:58
	1150,4	100,5601	565,2	52,434	222,2	48,81708308	48,70778725	9,72719687	9,385248329	65,58423053	25,5311898	Rose PRO	Rennrad	09.06.2019	15:00:20	10:39:23	73	183	04:20:57
124,1643192	293,2	14,96177	480,8	53,6112	313	48,76624072	48,71705429	9,519509152	9,490776407	54,76645768	26,83633239	Rose PRO	Rennrad	08.05.2018	20:31:10	19:54:06	73	183	00:37:04
	419,8	24,84619	512,8	53,6112	306,8	48,7665423	48,7170257	9,561155727	9,490603739	60,79839633	27,21651078	Rose PRO	Rennrad	10.06.2019	12:16:22	11:14:16	73	183	01:02:06
	1123,4	102,59554	485	53,9784	263,8	48,76648514	48,55448459	9,566920549	9,326934842		26,43108542	Rose PRO	Rennrad	30.07.2017	11:21:28	07:15:46	73	183	04:05:42
129,0310408	546,6	50,41647	393,4	55,5912	256	48,7204306	48,62016468	9,617338954	9,511718927	63,96612296	27,28272818	Rose PRO	Rennrad	20.05.2018	17:55:55	16:02:32	73	183	01:53:23
	618,4	36,31343	459,2	61,1028	203,2	48,76616185	48,71545494	9,561059503	9,490811527		28,16346099	Rose PRO	Rennrad	07.07.2018	17:29:15	16:03:50	73	183	01:25:25
119,2572732	639,6	58,3749	1355,2	66,1068	841,8	47,19303628	46,96349535	11,0120982	10,90507488	60,60932106	31,22586667	Rose PRO	Rennrad	22.07.2020	12:46:34	09:40:51	73	183	03:05:43
	498	29,13235	482,2	56,0304	276	48,74612767	48,67621229	9,584250888	9,498170502	61,99164345	26,57847577	Rose PRO	Rennrad	31.03.2018	13:24:05	12:07:18	74	183	01:16:47
	439,2	26,66659	394,6	42,0552	257,6	48,74388962	48,68698698	9,544970859	9,477283638		19,07783801	Rose PRO	Rennrad	04.01.2020	12:39:49	11:12:30	76	183	01:27:19
	2110,4	125,74506	786	62,5788	308,2	48,72049414	48,58069514	9,980152901	9,514852921	56,62198333	26,46505575	Rose PRO	Rennrad	21.06.2020	15:23:41	09:38:56	73	183	05:44:45
	424,6	42,78446	518	51,7284	273	48,78275022	48,70776756	9,645298384	9,514830289	67,47145188	26,33419146	Rose PRO	Rennrad	12.05.2020	14:35:41	12:55:10	73	183	01:40:31
	539	38,89863	409,4	46,1196	265,8	48,72039674	48,66587514	9,617400812	9,451631075		23,56309174	Rose PRO	Rennrad	12.01.2020	15:38:41	13:55:34	76	183	01:43:07
123,9276169	1476,4	101,38936	1425,8	63,5868	732	47,23159354	46,95340346	11,0126219	10,75139017	54,91996654	29,57272788	Rose PRO	Rennrad	24.07.2018	13:52:51	09:30:56	73	183	04:21:55
	777,4	37,34193	495,4	53,2404	242,4	48,79746599	48,71694566	9,561059838	9,46044473	54,18211703	26,4945189	Rose PRO	Rennrad	15.09.2017	14:12:12	12:35:53	73	183	01:36:19
	412,4	24,70355	456	47,3292	262	48,75588806	48,71550104	9,561093282	9,506513178		24,7173412	Rose PRO	Rennrad	08.05.2016	17:17:48	16:16:43	74	183	01:01:05
	488	27,81743	495,8	52,1316	288,8	48,74605768	48,67912123	9,584306376	9,495198699	53,0349586	24,81841987	Rose PRO	Rennrad	17.11.2018	15:54:56	14:35:35	75	183	01:19:21
	408,2	24,88189	512,8	50,5548	257,4	48,76017675	48,69091893	9,524441399	9,45261444		23,87307951	Rose PRO	Rennrad	23.01.2018	11:52:40	10:46:00	75	183	01:06:40
	578,8	41,32014	491,8	50,2164	252,6	48,79155876	48,71547212	9,561091019	9,40475855		27,00378719	Rose PRO	Rennrad	29.04.2017	10:59:44	09:24:43	74	183	01:35:01
	298,2	24,53234	490,6	53,5428	274,4	48,76651581	48,71548176	9,561175844	9,490561578		26,67124096	Rose PRO	Rennrad	09.10.2016	12:57:54	12:02:13	74	183	00:55:41
	283,4	24,35089	487,2	63,6552	273	48,76652302	48,71546851	9,561152961	9,490519166	74,00138122	29,36913261	Rose PRO	Rennrad	03.10.2017	17:42:14	16:48:45	73	183	00:53:29
	431,8	20,05825	501,6	48,7404	266,8	48,76652034	48,70841489	9,519581906	9,463538406		22,86125379	Rose PRO	Rennrad	09.02.2020	14:50:55	13:51:01	75	183	00:59:54
	411,2	25,23725	392,4	46,2204	258,4	48,71721078	48,68198189	9,564842256	9,478021581		20,34766463	Rose PRO	Rennrad	15.12.2018	13:25:43	12:07:08	75	183	01:18:35
	82,6	12,16874	315,4	33,7248	275,2	48,71906754	48,7130298	9,548721677	9,511191538		21,51218118	Rose PRO	Rennrad	15.07.2020	17:54:03	17:19:18	73	183	00:34:45
	416,8	24,66767	477,8	45,2448	279,4	48,75590483	48,71546558	9,561092947	9,506516783		22,90291549	Rose PRO	Rennrad	11.06.2016	14:05:52	13:02:16	73	183	01:03:36
	322,4	24,50143	487,2	47,664	255,2	48,76651095	48,71545393	9,561137874	9,490754614		25,56031654	Rose PRO	Rennrad	20.01.2018	13:36:12	12:35:59	75	183	01:00:13
	294,8	24,36735	457	55,6596	247,8	48,76648849	48,71544178	9,56120342	9,490555711	65,17402945	28,1756749	Rose PRO	Rennrad	18.10.2017	16:56:14	16:01:29	74	183	00:54:45
	384	16,1498	467,8	41,8536	249,2	48,75415242	48,71392926	9,517276967	9,480489632		18,12888	Rose PRO	Rennrad	02.04.2020	15:03:31	14:03:57	75	183	00:59:34
	707,6	22,78517	484,4	55,9296	313	48,75552194	48,71633437	9,519578638	9,506491804	46,93809524	25,75018	Rose PRO	Rennrad	06.10.2018	14:00:01	12:50:55	73	183	01:09:06
	5508,8	268,30928	811,2	64,3248	308,6	48,79510707	48,52361354	9,931446165	9,377312344		28,07889768	Rose PRO	Rennrad	24.06.2018	18:17:10	05:40:24	73	183	12:36:46
129,1362196	727,6	50,7256	505,2	55,4904	279,8	48,76646862	48,65404685	9,561231583	9,457391286	57,4537234	26,69599958	Rose PRO	Rennrad	21.05.2018	09:50:11	07:48:41	73	183	02:01:30
140,9290383	280,2	24,39759	486,6	47,5308	279,6	48,76621817	48,71543574	9,561126893	9,490808425		26,9871558	Rose PRO	Rennrad	29.05.2016	12:30:25	11:36:14	74	183	00:54:11
	448,6	30,10188	503	55,5912	294,8	48,77394193	48,71632515	9,56110443	9,49070273		26,67199265	Rose PRO	Rennrad	08.04.2020	15:36:44	14:22:16	75	183	01:14:28
	627	45,17447	1246,8	50,2848	736,4	47,28743076	47,15745519	12,8342118	12,74949247		26,11459555	Rose PRO	Rennrad	03.06.2017	18:21:24	16:17:01	73	183	02:04:23
	385,2	33,27967	392,4	44,2044	268,6	48,72039129	48,66606968	9,625167148	9,514853423	60,3184466	25,1056566	Rose PRO	Rennrad	02.05.2020	14:35:58	13:13:00	74	183	01:22:58
	359,4	33,06426	406,6	47,664	290,8	48,72036447	48,66375368	9,625184834	9,514871277	54,10693069	24,47197115	Rose PRO	Rennrad	01.07.2020	19:06:11	17:41:44	73	183	01:24:27
	371,6	21,5971	470,6	56,7684	253	48,76650592	48,71548763	9,561172994	9,490687726	63,63508323	27,82085013	Rose PRO	Rennrad	16.09.2017	18:11:36	17:19:14	73	183	00:52:22
	911,2	52,71226	488,2	51,426	245	48,80683855	48,71544496	9,561124379	9,460503487		24,56714144	Rose PRO	Rennrad	27.05.2017	19:37:54	17:13:04	73	183	02:24:50
	675	35,82942	506	47,16	247,4	48,79748619	48,7170273	9,561142568	9,460419919		22,3819863	Rose PRO	Rennrad	06.01.2018	12:19:47	10:34:16	75	183	01:45:31
	589,6	33,53692	491,4	55,458	272,6	48,76653425	48,70837935	9,561100993	9,463546034		25,58079845	Rose PRO	Rennrad	07.04.2020	18:29:22	15:38:26	75	183	02:50:56
	869,4	60,84665	661,8	59,9256	278,4	48,72038727	48,60027384	9,670751961	9,514880497	67,36571998	28,85059426	Rose PRO	Rennrad	17.05.2020	14:27:47	12:05:09	73	183	02:22:38
	773,6	65,02167	498,4	55,2888	258	48,809044	48,70850273	9,723697174	9,490556633	65,86917222	26,23623311	Rose PRO	Rennrad	14.10.2018	13:47:33	11:05:35	74	183	02:41:58
	466,8	42,98578	398,4	56,5992	254,4	48,72549151	48,63939872	9,629443092	9,514868846	63,83508488	26,96767757	Rose PRO	Rennrad	24.04.2020	15:16:58	13:38:17	74	183	01:38:41
	311,8	14,03357	242,6	46,0188	12,6	49,98986506	49,97018284	7,108831387	7,083865721	47,53857791	22,62774578	Rose PRO	Rennrad	09.09.2017	19:06:57	18:27:44	73	183	00:39:13
	591	30,19561	916,6	35,7732	544,4	46,6531662	46,61857425	11,00485238	10,89808621	46,22155689	18,7884797	Rose PRO	Rennrad	10.08.2018	09:53:42	08:09:59	73	183	01:43:43
	1133,4	71,65574	646,8	54,7848	309,6	48,74639346	48,58460697	9,617532073	9,444879284	57,45330739	25,68935749	Rose PRO	Rennrad	09.05.2020	16:59:59	13:51:25	73	183	03:08:34
	819,8	49,17973	666,8	55,2888	306,6	48,71720533	48,60712395	9,621153893	9,511678945	58,45526614	26,42533986	Rose PRO	Rennrad	11.04.2020	14:45:48	12:43:05	74	183	02:02:43
	272,8	10,91717	1565	48,942	1388,6	46,96352938	46,93391369	11,02886285	11,00905591		23,50382045	Rose PRO	Rennrad	01.09.2018	12:00:14	11:28:11	70	183	00:32:03
	208,8	23,42685	370,6	51,5628	274,8	48,72040755	48,6981774	9,618920786	9,514890974		27,82969131	Rose PRO	Rennrad	13.05.2017	13:29:00	10:54:40	74	183	02:34:20
	263,4	24,327	479,8	59,1192	279	48,76650752	48,71544211	9,561173413	9,490553951		31,51218902	Rose PRO	Rennrad	30.08.2017	18:15:15	17:26:02	73	183	00:49:13
	1740,6	156,62128	761	58,5828	290	48,71724104	47,65407725	9,524462353	9,442625642		26,36727048	Rose PRO	Rennrad	22.06.2017	15:41:41	07:32:44	73	183	08:08:57
	357,4	25,86404	522	49,8816	302	48,76651296	48,71129366	9,561117506	9,490554286		26,26183194	Rose PRO	Rennrad	07.01.2018	13:52:38	12:50:10	75	183	01:02:28
	728,6	45,36263	701,2	46,5228	278	48,7617383	48,70774291	9,72721925	9,514797349	63,23242188	24,16528568	Rose PRO	Rennrad	18.02.2018	15:03:08	12:53:02	74	183	02:10:06
	1606,6	189,11208	972,4	60,5628	163,6	48,5935684	48,07655744	8,863543756	7,360866247		26,40651719	Rose PRO	Rennrad	28.06.2018	16:22:10	06:51:08	73	183	09:31:02
	5399,4	219,32768	2445,2	75,1068	657,2	47,24961002	46,81276241	11,50926626	10,87804819		27,89230057	Rose PRO	Rennrad	27.07.2018	18:32:46	06:01:47	73	183	12:30:59
	730,2	48,33104	493,8	52,434	247,8	48,80345712	48,71548126	9,561115159	9,460388822		25,50019237	Rose PRO	Rennrad	10.07.2016	14:00:02	12:02:17	73	183	01:57:45
	462,8	32,13959	496,8	47,934	287	48,76635983	48,71549936	9,561165702	9,490795936		25,25151921	Rose PRO	Rennrad	05.06.2016	14:00:50	12:44:24	73	183	01:16:26
	252,2	16,28517	391	39,2328	267,8	48,71895421	48,67904495	9,542259481	9,503283547		24,04112848	Rose PRO	Rennrad	15.01.2017	16:15:29	15:32:41	76	183	00:42:48
	1075,4	51,76183	524	54,18	306,4	48,76652637	48,71545854	9,532161718	9,490541713	52,49831973	26,34224378	Rose PRO	Rennrad	02.09.2017	16:39:29	14:32:28	73	183	02:07:01
	2340,2	113,57798	1866,2	52,3332	176,6	44,18111295	44,03489057	5,41303684	5,101788361	57,30372364	23,99881928	Rose PRO	Rennrad	18.06.2019	13:15:43	07:23:43	73	183	05:52:00
	285,2	24,53555	486,4	55,1556	280,4	48,76647768	48,71546323	9,561108202	9,49072293		28,4156076	Rose PRO	Rennrad	13.08.2016	13:59:40	13:08:33	73	183	00:51:07
	291	25,71262	481,2	48,3048	271,4	48,76652713	48,7154753	9,561166959	9,490684876		27,45687574	Rose PRO	Rennrad	07.05.2016	17:11:10	16:15:04	74	183	00:56:06
	320	28,06915	520	50,688	300,8	48,77444124	48,7088816	9,584352225	9,490699293	70,14783654	27,28753381	Rose PRO	Rennrad	27.04.2020	13:21:14	12:16:22	74	183	01:04:52
	251,4	37,22091	369,4	38,664	224,4	48,79818248	48,70366654	9,52682429	9,173405869		21,66959388	Rose PRO	Rennrad	27.06.2018	19:51:41	18:08:05	73	183	01:43:36
	258,2	35,17767	417,6	38,16	322	48,79829471	48,70368993	9,517198093	9,172273809		21,320625	Rose PRO	Rennrad	03.04.2017	18:48:21	17:07:47	75	183	01:40:34
	753	40,07131	504,6	52,47	242,2	48,79744956	48,71545326	9,560110336	9,46037516		24,68899472	Rose PRO	Rennrad	30.11.2019	14:37:11	12:39:16	75	183	01:57:55
	795,8	59,56819	614,6	53,5752	284,4	48,71723089	48,58673145	9,5674212	9,447957622		25,60536256	Rose PRO	Rennrad	14.08.2016	12:59:47	10:32:24	73	183	02:27:23
	503,2	33,66398	515,4	56,1312	294,8	48,7665278	48,68564294	9,617637517	9,49061539	65,64831261	26,99897323	Rose PRO	Rennrad	04.11.2018	15:38:35	14:18:10	75	183	01:20:25
	633,2	46,13261	496,2	58,212	263,4	48,79160511	48,71543868	9,561111387	9,404820157	67,42312834	27,62178608	Rose PRO	Rennrad	12.08.2018	09:32:13	07:41:08	73	183	01:51:05
	1699,2	102,88496	884,2	56,0952	280,6	48,71720357	48,49411947	9,6969009	9,431683319		25,74404204	Rose PRO	Rennrad	08.03.2020	15:57:04	11:10:46	75	183	04:46:18
	593,4	28,3105	432,6	56,8692	238,4	48,76652076	48,71700944	9,519571094	9,49054867	60,28981723	27,69582141	Rose PRO	Rennrad	07.10.2018	13:02:37	11:52:54	73	183	01:09:43
	584,8	30,71422	489,8	57,474	236,6	48,80340323	48,71703635	9,528350467	9,46038153	67,38493724	28,4484954	Rose PRO	Rennrad	10.11.2018	15:57:16	14:43:02	75	183	01:14:14
	1507,6	109,86132	493,2	55,5912	218,4	48,88565375	48,70365447	9,526592027	8,959148498	56,76452768	26,34054304	Rose PRO	Rennrad	03.10.2018	19:35:29	09:47:03	73	183	09:48:26
	460	50,49022	516,2	52,5024	275	48,78590768	48,70778382	9,691891037	9,514867673	66,55333333	27,06149868	Rose PRO	Rennrad	15.04.2020	14:38:11	12:40:34	74	183	01:57:37
	409,2	25,29267	486,2	52,9056	285,8	48,76650047	48,71703895	9,561093198	9,490537606	52,75111111	25,201324	Rose PRO	Rennrad	29.07.2020	19:23:38	18:14:34	73	183	01:09:04
	627,8	27,12433	482,6	51,3252	225,6	48,79746943	48,71548159	9,532083683	9,460423691		24,28510075	Rose PRO	Rennrad	21.12.2019	15:07:01	13:46:03	75	183	01:20:58
	699,4	42,17739	493,6	54,5184	236,6	48,81124089	48,71702327	9,517574608	9,393907003	53,87164375	25,50777763	Rose PRO	Rennrad	10.04.2020	15:26:08	13:11:50	74	183	02:14:18
	1103	76,40471	638,8	64,5264	273,8	48,76648782	48,58623818	9,736216972	9,490549006		26,28017959	Rose PRO	Rennrad	24.09.2016	17:03:23	13:07:38	73	183	03:55:45
	566,6	36,14793	528,6	53,8776	289,6	48,77856824	48,70887422	9,572090087	9,469560469		19,63155608	Rose PRO	Rennrad	03.01.2020	16:15:33	14:17:03	76	183	01:58:30
125,5227092	512,4	33,86689	520,6	58,716	306	48,76652411	48,6856286	9,617671967	9,49064347	64,51382114	26,92032956	Rose PRO	Rennrad	09.09.2018	10:26:16	09:07:14	70	183	01:19:02
	44,2	4,4758	327,6	30,9024	291,6	48,71748948	48,71460786	9,535885882	9,514798354		19,58215443	Rose PRO	Rennrad	10.06.2019	14:12:53	13:59:19	73	183	00:13:34
	235,6	38,23809	2075,6	59,1516	586,6	46,65137851	46,48768782	11,00363541	10,68660803		36,25746445	Rose PRO	Rennrad	17.07.2016	13:36:42	12:15:31	73	183	01:21:11
	326,8	12,2286	888,8	48,5388	649	46,65973845	46,64515587	11,00539377	10,95495944	47,53812636	21,96399745	Rose PRO	Rennrad	08.08.2018	07:57:40	07:15:31	73	183	00:42:09
	2072,6	59,96428	2261,8	47,5308	1533,8	46,55373302	46,48160809	11,88756108	11,75682644		19,17953332	Rose PRO	Rennrad	18.07.2016	15:08:09	10:21:21	73	183	04:46:48
137,851145	1115,6	66,14381	564,8	62,478	325	48,80754724	48,70852696	9,673952255	9,478182346	62,6851145	26,39380672	Rose PRO	Rennrad	29.09.2018	17:01:56	14:14:26	73	183	02:47:30
	629,2	65,10801	517,6	56,9016	287,2	48,79331594	48,7078062	9,743466312	9,51484764	69,38134658	27,22714304	Rose PRO	Rennrad	05.07.2020	12:00:28	09:28:04	73	183	02:32:24
134,2975513	1986,6	60,48881	2616,4	59,1516	1379,8	46,96980994	46,8605199	11,02749743	10,91427854	45,35538695	24,17813038	Rose PRO	Rennrad	21.07.2020	13:54:38	09:32:09	73	183	04:22:29
	342	24,28868	534,8	42,3252	311	48,76621675	48,71543373	9,561114321	9,490810689	64,03773585	24,67924468	Rose PRO	Rennrad	02.12.2017	13:44:31	12:39:48	75	183	01:04:43
	308,4	24,54302	492,6	50,3532	268,6	48,76649863	48,71547237	9,561093533	9,490553951		25,7999541	Rose PRO	Rennrad	13.11.2016	14:16:01	13:18:48	75	183	00:57:13
	981,6	108,40038	495,8	60,1596	231,2	48,81711502	48,70776144	9,811290661	9,35039646	67,12076341	27,47661008	Rose PRO	Rennrad	25.04.2020	14:50:00	10:30:31	74	183	04:19:29
	768,6	52,17811	512,8	51,0228	264,4	48,80301246	48,70779723	9,644581648	9,494391605		26,92032098	Rose PRO	Rennrad	21.05.2017	14:59:20	12:55:27	73	183	02:03:53
	288,8	24,54461	491	48,0672	280,6	48,76648975	48,71545183	9,56111189	9,490545737		26,96278989	Rose PRO	Rennrad	16.10.2016	15:26:52	14:32:02	74	183	00:54:50
	427,2	35,04526	413	48,2688	261,6	48,74651894	48,70850642	9,674053509	9,514857195	57,87764489	23,313075	Rose PRO	Rennrad	06.04.2019	19:08:33	16:17:32	75	183	02:51:01
	879,4	59,08573	445,4	56,9016	205,4	48,7915995	48,70362103	9,561099317	9,404816888		26,00288069	Rose PRO	Rennrad	12.03.2017	14:27:18	11:55:42	75	183	02:31:36
	510,4	35,24251	489,4	54,8856	266,2	48,79160905	48,71703316	9,517544433	9,404870281	62,86291001	27,6886688	Rose PRO	Rennrad	08.07.2020	18:31:57	17:10:24	73	183	01:21:33
	1872	135,21946	707	54,3168	259,4	48,8235519	48,68472369	9,990724912	9,490651516	64,90947766	28,05946159	Rose PRO	Rennrad	29.04.2018	13:00:50	07:00:33	73	183	06:00:17
	387,4	22,87681	407,4	42,9624	274	48,71740918	48,66602316	9,565025484	9,51166478	55,72081829	23,74183734	Rose PRO	Rennrad	18.03.2018	17:01:13	16:02:15	74	183	00:58:58
	841	40,62051	495,4	50,7888	245	48,79753942	48,71704892	9,51958417	9,404855277	51,64993954	25,08520169	Rose PRO	Rennrad	11.06.2020	17:54:49	16:05:10	73	183	01:49:39
	287,6	24,45526	447,2	48,7404	225,8	48,76649142	48,71545552	9,561160002	9,490586724		26,84546164	Rose PRO	Rennrad	05.02.2017	16:56:36	16:00:49	76	183	00:55:47
	456,4	46,57771	471,2	44,2404	275,4	48,78595135	48,70776814	9,704801934	9,515724555	61,01604668	25,32775425	Rose PRO	Rennrad	25.06.2020	18:51:18	16:56:42	73	183	01:54:36
	556,2	32,50797	488,2	53,6112	281,4	48,7663268	48,71549852	9,560297923	9,490630394		25,02900855	Rose PRO	Rennrad	09.07.2016	18:56:00	17:35:58	73	183	01:20:02
131,9979472	1370,4	100,7587	1373,2	65,232	720	47,23161475	46,95604367	11,01368993	10,75135639	58,06196769	29,74290088	Rose PRO	Rennrad	20.07.2020	14:02:44	09:31:11	73	183	04:31:33
	1911,2	89,15262	1840,8	57,5388	210,4	44,17427265	44,03482988	5,409268504	5,1768908	53,65897303	26,14641545	Rose PRO	Rennrad	21.06.2019	11:26:12	07:07:23	73	183	04:18:49
	1631,8	148,49386	543	62,5788	253,6	48,87389688	48,62032821	9,560313094	8,927806467	63,79046484	28,79524855	Rose PRO	Rennrad	26.05.2019	13:07:01	07:10:59	74	183	05:56:02
	868,6	41,31533	591,2	56,5344	377,2	48,76652763	48,71584654	9,560356429	9,490555711	54,39122137	27,16180824	Rose PRO	Rennrad	03.09.2017	13:17:29	11:36:48	73	183	01:40:41
113,412766	46,8	5,70774	1316,8	31,3056	1296,2	46,97741359	46,96120701	11,01251923	11,00725832	55,29515419	21,06848681	Rose PRO	Rennrad	22.07.2020	15:12:55	14:55:49	73	183	00:17:06
	753,6	45,43243	428,6	49,95	103	49,99136944	49,88884519	7,130330717	6,996158995	58,63823698	25,22241921	Rose PRO	Rennrad	10.09.2017	10:44:08	08:46:42	73	183	01:57:26
	1223,8	76,08456	768,6	63,6192	290,2	48,71734187	48,52842534	9,595709201	9,444940388		27,86977706	Rose PRO	Rennrad	15.07.2018	09:42:59	06:28:49	73	183	03:14:10
	358,8	36,20091	408,8	50,8572	293	48,72039624	48,65000887	9,625191288	9,514867086	64,80989331	27,66903158	Rose PRO	Rennrad	21.05.2020	17:50:07	16:28:46	73	183	01:21:21
121,180399	421,8	30,27806	479,4	54,1476	263,8	48,76650081	48,70269567	9,584313249	9,49049796		26,91091171	Rose PRO	Rennrad	19.05.2018	08:31:30	07:15:54	73	183	01:15:36
	416,6	25,16261	502,8	50,3532	298	48,76648966	48,71698304	9,561116919	9,490551772	54,02416571	26,82055195	Rose PRO	Rennrad	29.04.2020	16:27:50	15:25:04	74	183	01:02:46
	423,2	46,76599	477	46,8252	259,8	48,78594699	48,70776387	9,704798833	9,514849065	66,82810164	26,6286636	Rose PRO	Rennrad	26.07.2020	19:00:07	17:12:02	73	183	01:48:05
	273,4	24,40173	487,6	54,3816	281,6	48,76646955	48,71546659	9,561155224	9,490525033		29,29620659	Rose PRO	Rennrad	22.07.2017	15:42:41	14:49:37	73	183	00:53:04
	454,4	22,03631	475,8	37,386	263,2	48,75377608	48,713956	9,551336411	9,489531862		18,00411948	Rose PRO	Rennrad	05.05.2020	13:52:00	12:34:17	73	183	01:17:43
	697,2	40,6356	468,6	47,3616	221,4	48,77850621	48,70851807	9,641892649	9,506516783		19,41392432	Rose PRO	Rennrad	27.01.2019	13:04:33	10:47:06	76	183	02:17:27
	297,6	24,54325	493,4	51,1596	273,2	48,76648488	48,71543448	9,561180202	9,490620168		26,80217345	Rose PRO	Rennrad	27.11.2016	15:26:48	14:31:11	75	183	00:55:37
	511,8	31,64445	467,6	53,5104	268,8	48,75592587	48,68566104	9,617351107	9,506605044	63,60637382	27,63973953	Rose PRO	Rennrad	22.09.2018	17:28:54	16:16:48	72	183	01:12:06
	582,4	38,58346	527,4	54,8208	286,8	48,76651498	48,67909156	9,584319703	9,490510952	63,0374415	26,84309255	Rose PRO	Rennrad	01.01.2018	14:56:14	13:22:29	75	183	01:33:45
127,0108696	184,4	65,49574	2742	57,1392	629,4	46,66994652	46,52798725	10,89396567	10,42492485		32,91714053	Rose PRO	Rennrad	19.07.2016	16:06:11	13:39:59	73	183	02:26:12
	762,4	61,1176	472,4	52,7724	253,6	48,77385241	48,6314391	9,62521526	9,476639237	60,77850988	25,30767704	Rose PRO	Rennrad	27.06.2020	16:31:01	13:56:05	73	183	02:34:56
	301,6	24,65281	505	59,0868	284,8	48,76655563	48,7154427	9,561283467	9,4906055	66,85948158	28,47959031	Rose PRO	Rennrad	31.12.2017	12:32:48	11:37:00	75	183	00:55:48
	299	24,46954	455,8	51,5628	234,4	48,7664936	48,71542124	9,561107615	9,490545988		27,57622711	Rose PRO	Rennrad	11.02.2017	16:19:16	15:23:55	76	183	00:55:21
	553,2	36,15554	487,4	50,8572	227,6	48,81125464	48,7169843	9,517543176	9,393911781	61,385358	26,47955441	Rose PRO	Rennrad	16.05.2020	14:20:19	12:52:49	73	183	01:27:30
	193,4	11,67751	412	34,1964	270,6	48,72773526	48,70892921	9,523428781	9,478238337		19,01663694	Rose PRO	Rennrad	13.01.2018	15:54:06	15:16:47	75	183	00:37:19
	768	53,01437	485,4	54,9216	249,6	48,79153445	48,71548117	9,561263351	9,404844549		27,90977291	Rose PRO	Rennrad	15.07.2017	14:38:53	12:36:39	73	183	02:02:14
	1866,8	105,80552	858,8	58,5144	276,6	48,71721203	48,48538695	9,660175759	9,377311002		26,39722442	Rose PRO	Rennrad	26.10.2019	15:58:12	11:05:12	74	183	04:53:00
	610,8	56,17609	517,4	59,9256	258,2	48,8084286	48,70890196	9,656496942	9,460441293	64,45121951	27,28648317	Rose PRO	Rennrad	09.07.2020	19:15:36	17:02:18	73	183	02:13:18
	388,4	30,31499	521,2	53,7444	300,2	48,77858341	48,70850424	9,608504679	9,490578678	59,54039874	25,84514418	Rose PRO	Rennrad	29.08.2019	11:41:50	10:27:59	73	183	01:13:51
	303,8	24,45799	458,2	56,1636	238	48,76643929	48,71543096	9,561130246	9,490697114		28,4602506	Rose PRO	Rennrad	19.02.2017	16:14:30	15:19:04	75	183	00:55:26
	1918,8	130,60158	814	57,3048	265,8	48,75590064	48,54323859	9,924129518	9,512987947		27,21935666	Rose PRO	Rennrad	25.05.2017	12:36:56	06:55:55	73	183	05:41:01
	544,4	26,34437	510,4	40,4424	281,2	48,77856203	48,71549509	9,589578006	9,490589993		18,93291878	Rose PRO	Rennrad	20.04.2020	13:24:29	11:50:26	74	183	01:34:03
	582,2	41,40092	483,6	51,3612	233,4	48,80466018	48,70849879	9,644701509	9,490743214		26,46197264	Rose PRO	Rennrad	02.07.2017	12:30:00	10:51:31	73	183	01:38:29
	195,8	8,44089	510,2	35,2044	325	48,74639824	48,71700894	9,517507553	9,506517202		19,81267407	Rose PRO	Rennrad	12.06.2016	13:01:45	12:25:41	73	183	00:36:04
	577	30,79268	459,6	56,6352	226,6	48,81129479	48,70891261	9,516882347	9,3939008	59,57793345	23,44706165	Rose PRO	Rennrad	26.06.2020	18:05:40	16:41:02	73	183	01:24:38
	1661	101,16144	485,6	53,7444	198,6	48,82231775	48,70890163	9,588935366	9,268317595	54,88492275	23,72260469	Rose PRO	Rennrad	28.04.2019	11:44:08	07:00:43	74	183	04:43:25
	401,6	31,07899	528	57,204	296	48,77805124	48,70832227	9,561173497	9,441058813	65,25479744	27,23991672	Rose PRO	Rennrad	27.04.2019	12:54:12	11:40:33	74	183	01:13:39
	977,2	101,58488	480,8	52,1676	235,8	48,85078311	48,70777854	9,81126518	9,387659049	64,2131704	25,58011865	Rose PRO	Rennrad	01.06.2020	13:28:44	08:57:25	73	183	04:31:19
	281,2	20,1138	496,4	44,4744	272,6	48,7662232	48,71548126	9,561105855	9,490817562	68,69883041	25,28292105	Rose PRO	Rennrad	25.02.2018	13:46:30	12:58:13	74	183	00:48:17
	220,4	12,97551	340,8	42,6924	235,6	48,71895949	48,70321166	9,538113205	9,472706784		20,0176848	Rose PRO	Rennrad	28.04.2020	14:03:50	13:20:13	74	183	00:43:37
	677	43,10914	475,4	52,5024	262	48,74643437	48,66606541	9,617623184	9,451213907	57,40856031	25,41010656	Rose PRO	Rennrad	20.05.2020	17:23:29	15:37:19	73	183	01:46:10
	410	31,17719	487	49,8492	278,8	48,76648773	48,71544672	9,56112178	9,490564931		25,51361379	Rose PRO	Rennrad	28.05.2016	12:47:21	11:33:21	74	183	01:14:00
	423,2	24,97578	525,2	52,2	307,2	48,76616889	48,70270413	9,584300425	9,490793338	63,43899658	26,34009578	Rose PRO	Rennrad	31.10.2017	13:15:29	12:15:22	74	183	01:00:07
	523,2	35,3056	475,4	56,0304	248	48,79162129	48,71702629	9,517559269	9,404835664	67,06769494	29,40557738	Rose PRO	Rennrad	09.04.2020	17:49:11	16:32:44	74	183	01:16:27
	1424,2	66,09331	996,4	51,192	182	44,17329381	44,06706844	5,239955569	5,10172206	51,19627507	25,12665322	Rose PRO	Rennrad	17.06.2019	19:25:16	16:16:31	73	183	03:08:45
	952,8	78,9958	473,6	63,9576	236,8	48,81285852	48,70276205	9,723553676	9,388149306		25,42855335	Rose PRO	Rennrad	27.10.2019	14:34:38	11:04:35	74	183	03:30:03
	787,6	62,86034	589,8	52,2684	269,4	48,72040889	48,58668711	9,617354712	9,448004644	61,23316583	26,38828369	Rose PRO	Rennrad	01.09.2019	12:12:14	09:32:20	73	183	02:39:54
	322	15,24401	492,6	50,5548	304	48,76652998	48,71636689	9,519537566	9,490556801	54,29888712	25,7472973	Rose PRO	Rennrad	31.10.2018	16:08:25	15:28:50	75	183	00:39:35
	361,2	33,37056	399,8	48,3048	282,2	48,72038199	48,66375485	9,625135129	9,514844706	58,57329317	25,61716558	Rose PRO	Rennrad	14.07.2020	19:08:58	17:47:00	73	183	01:21:58
	295,2	24,19588	487,6	58,7484	269,6	48,76654859	48,71545125	9,561059922	9,490533667	65,3739726	27,6583126	Rose PRO	Rennrad	02.11.2018	16:38:06	15:40:57	75	183	00:57:09
	595,8	45,2003	552,4	55,6596	186,4	48,25834852	48,07689247	7,403614959	7,314097993		25,40218937	Rose PRO	Rennrad	29.06.2018	18:30:15	16:24:56	73	183	02:05:19
133,6066631	661,8	55,6314	532,4	60,4296	251,4	48,81710982	48,70851447	9,608498225	9,375679381	65,40946166	27,63482063	Rose PRO	Rennrad	18.05.2019	13:24:11	11:08:30	74	183	02:15:41
	97	9,06135	310	34,398	250,4	48,71740038	48,70365674	9,517194238	9,412434446		20,85129333	Rose PRO	Rennrad	09.07.2019	21:34:48	21:10:03	73	183	00:24:45
118,4935218	434,6	21,58328	490,4	51,966	312,4	48,76618976	48,71707876	9,519531112	9,490738017	52,79644049	25,91973746	Rose PRO	Rennrad	12.05.2018	08:04:53	07:08:18	73	183	00:56:35
	587,6	48,33802	525,2	57,204	292,4	48,78278534	48,7077725	9,645313472	9,506503707	61,6504788	26,43340339	Rose PRO	Rennrad	28.05.2020	15:51:32	13:54:42	73	183	01:56:50
	682,8	60,06713	494,8	51,6276	254,6	48,80843262	48,70778432	9,704789948	9,460513126	65,10757409	25,97099672	Rose PRO	Rennrad	20.06.2020	14:38:16	12:13:08	73	183	02:25:08
	246,8	10,65368	408	43,3656	277	48,73681152	48,7139337	9,51669761	9,49427384		18,8206814	Rose PRO	Rennrad	14.01.2020	11:43:50	11:06:20	76	183	00:37:30
	2173	131,08576	1516,2	53,8452	255,6	46,68618889	46,4157078	11,26359578	10,97670612		24,51836605	Rose PRO	Rennrad	21.07.2016	14:55:50	08:35:08	73	183	06:20:42
	309,6	20,95563	398,2	36,648	261,6	48,73662536	48,6998558	9,517342262	9,468227075		18,73664941	Rose PRO	Rennrad	02.06.2020	14:12:34	13:04:06	73	183	01:08:28
133,6633907	732,6	67,33909	554,6	57,4056	299	48,79839194	48,70778365	9,7461305	9,514848646	65,44856578	27,76864334	Rose PRO	Rennrad	01.06.2019	19:01:08	16:26:39	74	183	02:34:29
	543,8	36,54077	477,8	57,7764	253,8	48,76616201	48,68928228	9,561086996	9,452635562		27,58371987	Rose PRO	Rennrad	08.07.2017	09:32:15	08:08:26	73	183	01:23:49
	232,8	35,41122	326,2	37,8216	233	48,80004234	48,70351617	9,520433005	9,174585538		21,92138907	Rose PRO	Rennrad	28.10.2016	18:07:49	16:36:07	75	183	01:31:42
	787,4	46,38954	489	58,6152	237	48,8044876	48,70849092	9,608462267	9,460384967	51,60798548	26,39294676	Rose PRO	Rennrad	31.08.2019	14:39:29	12:35:27	73	183	02:04:02
	345,2	14,20517	475,4	38,3256	275,4	48,74682236	48,71391602	9,517285852	9,480513604		18,66636514	Rose PRO	Rennrad	01.04.2020	13:41:12	12:50:20	75	183	00:50:52
	63,6	13,00229	545,6	27,342	516,6	46,66260171	46,64552224	11,05994873	10,99225815		19,15189507	Rose PRO	Rennrad	20.07.2016	16:37:55	16:00:14	73	183	00:37:41
	893,6	70,18265	498,2	56,736	251,6	48,81288769	48,71235346	9,656321257	9,388126424	60,53826311	25,57099401	Rose PRO	Rennrad	24.08.2019	15:41:58	12:44:15	73	183	02:57:43
	285,4	24,47545	503	49,5792	287,8	48,76624567	48,71545116	9,561164947	9,490733491		26,73777257	Rose PRO	Rennrad	18.06.2016	08:59:06	08:04:36	73	183	00:54:30
130,4510369	652,8	39,75469	477,8	52,7364	230,4	48,81311366	48,71702679	9,517498752	9,266219437	43,8177624	21,99980737	Rose PRO	Rennrad	21.07.2019	11:28:00	09:23:10	73	183	02:04:50
	525,6	40,97918	490,8	50,9904	290,8	48,74633051	48,6637577	9,625181984	9,506490882	56,25076687	25,91907335	Rose PRO	Rennrad	03.07.2020	18:48:28	17:08:16	73	183	01:40:12
	455,4	28,84027	375	50,0148	249,8	48,7190532	48,67066003	9,542238023	9,463343946	51,19963031	22,77906581	Rose PRO	Rennrad	22.06.2020	18:08:43	16:48:44	73	183	01:19:59
	553,8	39,32151	530	49,6476	261,6	48,81367844	48,71704834	9,561899705	9,460495356		24,95760646	Rose PRO	Rennrad	14.03.2020	14:34:05	12:50:21	75	183	01:43:44
	549,2	35,05091	495,2	52,1676	255,2	48,79155717	48,71703702	9,517571423	9,404855613		26,41051531	Rose PRO	Rennrad	15.02.2020	15:44:15	14:15:32	75	183	01:28:43
	186,6	34,7063	316,2	39,2004	218,6	48,7982616	48,70363746	9,51724478	9,170623664		23,30810033	Stevens Elite	Trecking	26.05.2017	08:44:11	07:15:44	73	183	01:28:27
	200,2	34,59497	312,4	37,8216	215	48,79821827	48,70364576	9,5172711	9,170799851		22,18687215	Stevens Elite	Trecking	12.09.2017	09:04:29	07:31:57	73	183	01:32:32
	221,6	36,92019	357	42,9624	251,8	48,79834718	48,70364282	9,523500111	9,170580832		24,3956197	Stevens Elite	Trecking	09.07.2018	20:12:04	18:42:33	73	183	01:29:31
	311,8	35,66993	441,4	37,656	298	48,7983388	48,70369948	9,517119052	9,170659957		22,31642564	Stevens Elite	Trecking	11.10.2017	19:14:23	17:38:32	74	183	01:35:51
	239	35,35322	367,2	39,9744	247,6	48,79825154	48,7036134	9,517235812	9,170587873		21,26244881	Stevens Elite	Trecking	12.03.2019	18:46:34	17:07:07	75	183	01:39:27
	236,2	35,34533	389,4	38,3256	265,2	48,79820821	48,70367057	9,517264143	9,170633722		21,47358719	Stevens Elite	Trecking	26.08.2019	19:27:39	17:48:44	73	183	01:38:55
	195,2	34,59503	314,2	40,5432	219,2	48,79824433	48,70364408	9,517300688	9,170754841		22,65699711	Stevens Elite	Trecking	21.09.2017	08:44:34	07:14:32	73	183	01:30:02
	200,8	35,44723	308	40,5756	221,6	48,79834542	48,70362505	9,51724126	9,170621149		21,19302313	Stevens Elite	Trecking	22.07.2019	20:20:45	18:43:04	73	183	01:37:41
	275,8	35,31706	309	40,8456	217,8	48,79813529	48,70362421	9,517260622	9,170746123		23,77971497	Stevens Elite	Trecking	30.08.2019	18:58:18	17:29:44	73	183	01:28:34
	198,6	35,77075	406	39,4344	312	48,79825196	48,7036274	9,517183928	9,170136843		22,75387407	Stevens Elite	Trecking	14.06.2019	16:59:17	15:25:40	73	183	01:33:37
	224,4	36,09483	378,6	40,41	261	48,79831474	48,70368138	9,523435738	9,170893393		21,42295796	Stevens Elite	Trecking	16.10.2018	19:08:42	17:29:15	74	183	01:39:27
	168,4	34,68345	277,4	37,8216	197,4	48,7982217	48,70365137	9,515344352	9,170950809		22,35045227	Stevens Elite	Trecking	26.08.2019	08:32:54	07:01:32	73	183	01:31:22
	202	35,4012	315,4	39,636	220,6	48,79995902	48,70361491	9,517291971	9,170795996		24,18390363	Stevens Elite	Trecking	19.05.2020	09:03:33	07:36:50	73	183	01:26:43
	212,6	34,61226	320,2	40,878	222,2	48,79829773	48,70365263	9,517431529	9,170740088		22,42069875	Stevens Elite	Trecking	04.04.2017	09:24:32	07:48:58	75	183	01:35:34
	266,6	35,64068	381,8	38,9988	258,6	48,79999951	48,70365598	9,517388195	9,170727935		23,13040123	Stevens Elite	Trecking	07.07.2020	09:33:34	08:01:55	73	183	01:31:39
	200,8	35,17283	303,4	35,0352	216,2	48,79819128	48,70363293	9,517328851	9,170901775		20,77144384	Stevens Elite	Trecking	18.04.2018	20:22:32	18:42:48	73	183	01:39:44
	247,2	34,90142	368,8	41,886	278,4	48,79828784	48,70361969	9,517200356	9,170684265		22,57903551	Stevens Elite	Trecking	24.07.2017	19:19:26	17:43:38	73	183	01:35:48
	243,2	34,93155	331	37,9584	246,8	48,79829815	48,70364903	9,517284762	9,17036768		22,19394667	Stevens Elite	Trecking	05.07.2017	21:30:24	19:55:39	73	183	01:34:45
	288,2	35,33804	246,8	38,7972	159,8	48,7982031	48,70365003	9,517313261	9,170409674		20,71714765	Stevens Elite	Trecking	27.09.2017	19:44:38	18:04:24	73	183	01:40:14
	208,2	35,31076	339	37,656	241,4	48,79817502	48,70364877	9,517208822	9,170555938		21,80801274	Stevens Elite	Trecking	22.08.2019	17:11:00	15:33:01	73	183	01:37:59
	244,4	35,00186	283,8	39,0996	192,4	48,79807871	48,70366747	9,517307561	9,170664065		22,78511625	Stevens Elite	Trecking	04.06.2020	12:43:44	11:10:29	72	183	01:33:15
	212,2	35,24438	354,6	40,6764	248,2	48,79820419	48,70364131	9,517334132	9,170715194		23,23849381	Stevens Elite	Trecking	20.04.2018	18:35:08	17:06:45	73	183	01:28:23
	221,2	35,40081	363,6	42,2244	250,6	48,79818927	48,7036093	9,517229861	9,170766911		23,85245902	Stevens Elite	Trecking	18.07.2019	20:26:55	18:58:26	73	183	01:28:29
	211,8	36,70795	362,2	40,6116	251,4	48,79831558	48,70369831	9,523477061	9,170789542		23,17311475	Stevens Elite	Trecking	10.09.2018	19:12:46	17:37:32	70	183	01:35:14
	210,8	36,43381	353,8	41,0148	254	48,79835766	48,70369731	9,52347748	9,170802953		22,88170075	Stevens Elite	Trecking	15.10.2018	18:55:49	17:20:33	74	183	01:35:16
	222	35,21991	371,8	39,7368	257,8	48,79833427	48,70369345	9,517256096	9,170762049		23,04308464	Stevens Elite	Trecking	24.07.2019	21:14:27	19:44:29	73	183	01:29:58
	214,4	35,72041	308,2	40,9788	211,2	48,80002976	48,70365095	9,517227849	9,170843856		22,2244635	Stevens Elite	Trecking	17.07.2020	10:48:03	08:58:44	73	183	01:49:19
	235,4	36,1331	399,4	40,9464	266,6	48,79824551	48,70367006	9,52352006	9,171052901		22,94925399	Stevens Elite	Trecking	17.10.2018	18:59:55	17:26:58	74	183	01:32:57
	184,4	34,90118	292	36,5796	204,2	48,79833947	48,70365506	9,517298592	9,17071511		22,78652087	Stevens Elite	Trecking	04.04.2018	08:16:20	06:46:20	74	183	01:30:00
	163,4	35,0363	339	41,6196	244,6	48,79828189	48,70366101	9,51722106	9,170841174		23,99085141	Stevens Elite	Trecking	02.07.2019	09:49:48	08:22:47	73	183	01:27:01
	197,8	34,61635	321,2	40,5432	226,8	48,79821651	48,70360737	9,517274536	9,170807479		23,82813019	Stevens Elite	Trecking	17.07.2017	08:27:39	07:00:24	73	183	01:27:15
	253,8	34,8972	343,8	38,0592	253,4	48,79832027	48,70364844	9,517187532	9,170465833		22,17807521	Stevens Elite	Trecking	17.05.2017	20:26:24	18:53:41	74	183	01:32:43
	161,6	34,89157	325	40,5432	230,8	48,79831323	48,70366587	9,517324744	9,170807311		22,89227465	Stevens Elite	Trecking	16.10.2018	08:39:25	07:08:54	74	183	01:30:31
	152	35,00066	313,6	36,4104	190,2	48,7980865	48,70365112	9,517292138	9,170753332		20,4423418	Stevens Elite	Trecking	15.11.2019	09:20:48	07:35:02	75	183	01:45:46
	162,4	34,95328	325,6	40,4424	234	48,79825364	48,70364701	9,517254923	9,170993306		23,13673682	Stevens Elite	Trecking	25.04.2019	08:53:34	07:23:16	74	183	01:30:18
	283,8	35,22012	425,6	40,0392	264,4	48,7982808	48,70363369	9,517317368	9,170699855		21,32174877	Stevens Elite	Trecking	07.03.2019	18:56:50	17:17:32	75	183	01:39:18
	172,4	34,90763	300,4	37,4544	241,4	48,79830401	48,70367979	9,517173199	9,170561805		21,84854	Stevens Elite	Trecking	11.05.2017	20:17:53	18:35:56	74	183	01:41:57
	208,4	35,29607	353,6	39,8736	254	48,79819513	48,70367518	9,517239081	9,170683175		23,64386931	Stevens Elite	Trecking	16.08.2019	19:59:43	18:31:56	73	183	01:27:47
	228	37,36184	377	42,5916	257,2	48,79829454	48,70364944	9,523501284	9,170550071		23,96276684	Stevens Elite	Trecking	15.06.2018	19:57:31	18:23:55	73	183	01:33:36
	238,2	35,25218	319,6	42,39	229,6	48,79828549	48,70362069	9,517263891	9,170763558		23,37804758	Stevens Elite	Trecking	05.07.2017	09:01:29	06:55:15	73	183	02:06:14
	177,6	35,09926	284,8	39,9744	192,6	48,79828348	48,70366621	9,517192394	9,170758026		24,02167261	Stevens Elite	Trecking	05.09.2018	08:46:12	07:17:36	70	183	01:28:36
	204,2	35,25787	328,6	37,2852	234,6	48,79815641	48,70367141	9,517211756	9,17002067		20,65718734	Stevens Elite	Trecking	15.05.2019	20:03:29	18:23:30	74	183	01:39:59
	158,6	34,73619	321	40,41	226,8	48,79830318	48,70366286	9,517243272	9,170777136		21,39685993	Stevens Elite	Trecking	31.05.2016	08:30:38	06:54:44	74	183	01:35:54
	302	35,26934	391,2	40,0068	259,8	48,79819605	48,70364718	9,517330108	9,170769509		23,7192622	Stevens Elite	Trecking	23.08.2019	18:57:45	17:29:18	73	183	01:28:27
	232,8	36,42009	386,4	37,6884	259,2	48,79819388	48,70363494	9,52346365	9,170471281		23,03466681	Stevens Elite	Trecking	02.07.2018	21:00:25	19:25:00	73	183	01:35:25
	158	34,92904	319,4	42,93	227,8	48,79829312	48,70365934	9,517263807	9,170829859		21,99228655	Stevens Elite	Trecking	17.10.2018	08:45:54	07:10:39	74	183	01:35:15
	158,6	35,09884	333,2	41,1804	244,8	48,79829211	48,70363134	9,517372604	9,170645708		23,73922186	Stevens Elite	Trecking	24.07.2019	09:22:01	07:54:24	73	183	01:27:37
	182,2	36,76058	386,4	44,0028	300,6	48,79822288	48,70363452	9,523486951	9,170558453		24,53875321	Stevens Elite	Trecking	17.08.2018	18:02:50	16:34:12	72	183	01:28:38
	233,2	35,31678	367,8	38,5956	252,6	48,79811534	48,70362774	9,517298257	9,170640763		21,68299915	Stevens Elite	Trecking	20.03.2020	17:57:08	16:22:13	75	183	01:34:55
	238,8	35,03116	416	41,8212	268,8	48,79824559	48,70364433	9,517298006	9,170953827		23,70375719	Stevens Elite	Trecking	20.09.2018	09:06:54	07:37:38	72	183	01:29:16
	156	35,01129	317,8	37,62	228	48,79826982	48,70367434	9,517265903	9,170871768		23,0570347	Stevens Elite	Trecking	24.05.2019	08:51:39	07:19:16	74	183	01:32:23
	241,6	34,82491	284	38,394	190,6	48,79829882	48,70363327	9,517279398	9,170688791		23,39506029	Stevens Elite	Trecking	15.03.2017	18:47:26	17:20:18	75	183	01:27:08
	202,8	34,64786	340,8	40,2084	246,2	48,79827107	48,70363821	9,517214773	9,170891717		23,4905987	Stevens Elite	Trecking	31.07.2017	08:47:59	07:20:52	73	183	01:27:07
	233,2	35,11197	364,6	40,0752	274,6	48,79821223	48,70362815	9,517289288	9,170547305		23,28342692	Stevens Elite	Trecking	07.08.2017	20:42:20	19:13:36	73	183	01:28:44
	147	35,18296	326,8	39,4344	238,4	48,79827275	48,70364944	9,517381322	9,170666412		23,37729859	Stevens Elite	Trecking	23.08.2018	08:47:46	07:19:25	71	183	01:28:21
	164,8	35,127	295,8	38,9664	205	48,79827803	48,70365741	9,517159201	9,170696754		23,16949935	Stevens Elite	Trecking	28.08.2018	09:27:51	07:58:05	70	183	01:29:46
	145	34,90439	367	38,7648	275,6	48,79825037	48,70362053	9,517275291	9,17085995		22,82676599	Stevens Elite	Trecking	27.06.2019	08:18:45	06:47:42	73	183	01:31:03
131,1352886	196,4	35,21761	394,2	38,9664	305,4	48,79830007	48,70365238	9,51730404	9,170530206		21,86904428	Stevens Elite	Trecking	11.05.2018	19:43:32	18:08:29	73	183	01:35:03
	196,8	34,64693	315,8	39,7044	221,4	48,79825674	48,70362313	9,517219886	9,170673536		23,89645677	Stevens Elite	Trecking	23.05.2017	09:04:32	07:37:41	73	183	01:26:51
	144,2	34,9404	323,6	40,9788	230,8	48,79828876	48,70362455	9,517280739	9,170715781		23,70564597	Stevens Elite	Trecking	25.06.2019	08:50:04	07:21:13	73	183	01:28:51
	234,4	35,26801	265,2	37,5552	170,4	48,79821626	48,70363226	9,517240338	9,170629783		20,10833684	Stevens Elite	Trecking	14.03.2018	19:04:33	17:19:02	74	183	01:45:31
	204,8	34,56981	314	39,8736	222,4	48,79829521	48,70362589	9,517202368	9,17069776		21,96252565	Stevens Elite	Trecking	06.06.2017	08:27:48	06:53:46	73	183	01:34:02
	265,4	36,67713	268	39,906	178,4	48,79832463	48,70367593	9,523448059	9,170735059		23,11071244	Stevens Elite	Trecking	14.09.2018	19:34:45	17:58:57	70	183	01:35:48
	168	34,91273	327	37,2168	233,4	48,79814182	48,70363369	9,517371682	9,170925748		20,42056364	Stevens Elite	Trecking	15.05.2019	09:53:11	08:10:49	74	183	01:42:22
	200,8	34,62833	277	36,9144	175,8	48,79833084	48,70365154	9,517385932	9,170831535		23,55402777	Stevens Elite	Trecking	15.03.2017	08:44:54	07:14:44	75	183	01:30:10
	240	35,41438	379,8	41,1156	249,6	48,79828298	48,70364073	9,517184682	9,170606062		23,02729097	Stevens Elite	Trecking	19.07.2019	20:23:18	18:52:05	73	183	01:31:13
	239	35,22631	377	37,6884	251,2	48,79813856	48,70361323	9,517203374	9,170519309		21,18184442	Stevens Elite	Trecking	10.06.2020	17:39:59	16:02:06	73	183	01:37:53
	226,2	35,34465	333	42,7608	245,6	48,79815892	48,70368985	9,517184682	9,170593321		23,33213981	Stevens Elite	Trecking	07.06.2019	20:08:41	18:41:19	73	183	01:27:22
	150,2	35,15238	326,2	39,906	239	48,79824718	48,70364064	9,517326085	9,170737825		23,27218093	Stevens Elite	Trecking	23.07.2019	09:18:22	07:47:33	73	183	01:30:49
133,0952707	463,8	38,41468	416,6	38,6964	243,2	48,79811995	48,70367057	9,517322732	9,170648474		22,04422618	Stevens Elite	Trecking	26.05.2020	16:49:37	15:03:52	73	183	01:45:45
	274,2	35,8532	354	40,0068	245,8	48,79999355	48,70366034	9,517334551	9,170557447		22,83708654	Stevens Elite	Trecking	07.07.2020	19:22:44	17:50:13	73	183	01:32:31
	193,4	35,38318	283,4	39,3012	197,4	48,79828281	48,70361709	9,517313596	9,170408165		21,81878483	Stevens Elite	Trecking	26.06.2019	21:27:53	19:52:53	73	183	01:35:00
	158,6	35,11652	328,2	41,8536	237,8	48,79827677	48,70365271	9,517336814	9,170752242		24,31477548	Stevens Elite	Trecking	18.07.2019	09:54:37	08:28:12	73	183	01:26:25
	240,6	35,33326	232,8	37,6884	140	48,7981471	48,7036274	9,517291635	9,170800438		20,42657248	Stevens Elite	Trecking	15.04.2019	19:01:05	17:18:17	75	183	01:42:48
	150,4	35,3703	313,2	43,8696	227,2	48,79828608	48,7036616	9,517027605	9,170838743		24,44120127	Stevens Elite	Trecking	10.07.2019	08:48:29	07:21:05	73	183	01:27:24
	262,6	35,89811	334,4	40,14	241,8	48,80002339	48,70365305	9,517295575	9,170750482		22,93762086	Stevens Elite	Trecking	28.07.2020	19:13:23	17:40:09	73	183	01:33:14
	226,4	34,88815	322,4	38,5632	228,6	48,7983041	48,70365908	9,517246457	9,170846287		23,1109425	Stevens Elite	Trecking	17.10.2017	09:36:01	08:04:11	74	183	01:31:50
	204,4	35,84772	315	41,5512	221,8	48,80002792	48,70363696	9,517305885	9,170619557		24,50280376	Stevens Elite	Trecking	28.07.2020	09:35:13	08:07:26	73	183	01:27:47
	245,8	34,86605	352	38,3256	260	48,7982937	48,70366001	9,51713833	9,17080991		22,42800777	Stevens Elite	Trecking	24.05.2017	19:34:09	18:01:11	73	183	01:32:58
	195	34,93181	360,8	36,9504	261,2	48,79834919	48,70364869	9,517425578	9,170795912		21,78069978	Stevens Elite	Trecking	15.10.2018	08:38:47	07:02:49	74	183	01:35:58
	203,6	34,65757	319,4	40,374	226,8	48,79828993	48,70365405	9,517359864	9,170813598		23,58841143	Stevens Elite	Trecking	12.04.2017	08:39:28	07:08:35	75	183	01:30:53
	226,8	35,37722	364,6	39,4704	253,2	48,79814107	48,70364668	9,517217539	9,170339182		23,14080397	Stevens Elite	Trecking	05.06.2018	22:11:30	20:41:30	73	183	01:30:00
118,6451319	159,8	34,83971	318,4	37,2852	229,2	48,79822615	48,70363302	9,517280739	9,170814771		22,28516615	Stevens Elite	Trecking	11.05.2018	08:16:06	06:43:03	73	183	01:33:03
	192	35,30041	462,8	38,8656	374	48,79811341	48,70362799	9,517271686	9,170642188		23,19864078	Stevens Elite	Trecking	13.09.2019	19:06:22	17:36:33	73	183	01:29:49
	270	34,93106	371,4	39,5028	254,6	48,79833058	48,7036828	9,517349219	9,170575971		23,42403758	Stevens Elite	Trecking	18.07.2017	21:01:33	19:34:34	73	183	01:26:59
123,1645338	198,8	35,6262	395	38,898	298,4	48,79813017	48,70362933	9,517378807	9,17072542		23,67522559	Stevens Elite	Trecking	26.05.2020	09:02:12	07:33:27	73	183	01:28:45
	196,2	37,42506	381,8	41,0472	293,6	48,79829312	48,70363109	9,52348846	9,170592315		23,00076629	Stevens Elite	Trecking	14.06.2018	20:07:34	18:29:10	73	183	01:38:24
	218,6	36,72267	370,4	40,4424	253	48,79821114	48,7036248	9,523436576	9,170503551		23,43647923	Stevens Elite	Trecking	23.08.2018	19:38:58	18:05:41	71	183	01:33:17
	261	34,70948	349	39,3012	256,6	48,7983165	48,70368524	9,517246373	9,171026833		22,2977343	Stevens Elite	Trecking	04.04.2017	18:43:54	17:07:38	75	183	01:36:16
	230,2	36,98639	375,4	40,7772	251,8	48,79831784	48,70365229	9,523384189	9,170531966		23,85792387	Stevens Elite	Trecking	02.08.2018	20:33:09	18:59:01	73	183	01:34:08
	157,4	34,98039	318	39,2688	230,4	48,79824635	48,70362547	9,517155178	9,170860117		23,24295725	Stevens Elite	Trecking	07.06.2019	08:28:29	07:00:05	73	183	01:28:24
	219,6	36,52661	351,2	40,0068	239,4	48,79821642	48,70364601	9,523413861	9,170442447		23,39822104	Stevens Elite	Trecking	26.09.2018	18:54:17	17:23:07	73	183	01:31:10
	163,2	34,89035	318	37,62	230,2	48,79827543	48,70365665	9,517264981	9,170691641		22,54262577	Stevens Elite	Trecking	25.04.2018	08:16:04	06:42:18	73	183	01:33:46
	30,6	8,6965	290,4	68,1552	244,4	48,8000508	48,7730708	9,242449533	9,170556776		21,68605036	Stevens Elite	Trecking	09.07.2019	20:48:07	20:22:32	73	183	00:25:35
	205,4	36,70226	349,4	41,1804	250,8	48,79815884	48,70366068	9,523537662	9,170674291		23,709403	Stevens Elite	Trecking	03.07.2018	21:13:58	19:42:47	73	183	01:31:11
	150,8	35,03622	317,2	44,4744	230,6	48,79825003	48,70366084	9,517150987	9,170911917		23,82465306	Stevens Elite	Trecking	21.06.2018	08:05:56	06:36:49	73	183	01:29:07
	193,6	34,63858	320	38,7648	224,4	48,79826236	48,70364073	9,517388195	9,170760624		24,15202612	Stevens Elite	Trecking	29.08.2017	08:07:54	06:42:08	73	183	01:25:46
	152,2	35,06996	328,4	39,2688	238	48,79826143	48,70362296	9,517389117	9,170801109		23,69746595	Stevens Elite	Trecking	02.07.2018	08:06:03	06:39:04	73	183	01:26:59
	174,4	35,51549	306,8	33,7572	210,6	48,79824433	48,70363863	9,517281828	9,170802534		19,11155077	Stevens Elite	Trecking	14.03.2018	09:19:42	07:27:43	74	183	01:51:59
	151,2	35,0756	315,4	41,2488	227,8	48,79828448	48,70367233	9,51723313	9,170828769		23,11016234	Stevens Elite	Trecking	13.09.2018	08:14:38	06:43:51	70	183	01:30:47
	31,8	5,55968	341,4	36,144	295	48,8008734	48,77299762	9,217344979	9,170603296		20,53890404	Stevens Elite	Trecking	09.08.2017	21:21:22	21:05:04	73	183	00:16:18
	234	35,25931	347,6	39,132	246,8	48,79822346	48,70365221	9,517285936	9,170499528		22,13894476	Stevens Elite	Trecking	04.04.2018	19:27:20	17:51:38	74	183	01:35:42
	165	35,11942	327	36,0756	231,4	48,79819572	48,70366076	9,517278811	9,170912839		20,49595215	Stevens Elite	Trecking	27.06.2018	07:56:05	06:15:10	73	183	01:40:55
	153,6	35,00187	313,6	38,628	221,4	48,7981083	48,70363846	9,517091056	9,170789206		22,9903634	Stevens Elite	Trecking	20.03.2020	09:55:49	08:24:57	75	183	01:30:52
	176,2	35,03268	307,8	37,4868	218,2	48,79808575	48,70367375	9,517308902	9,170832206		22,32148214	Stevens Elite	Trecking	02.03.2020	09:40:37	08:07:03	75	183	01:33:34
	157,2	35,02661	313,2	41,5512	215	48,79812481	48,70365632	9,51723841	9,170864141		23,23108983	Stevens Elite	Trecking	16.03.2020	09:21:57	07:51:42	75	183	01:30:15
	203,8	34,89446	244	39,5712	154,8	48,798301	48,70363796	9,516755529	9,170857603		23,10409397	Stevens Elite	Trecking	04.06.2018	08:07:33	06:38:51	73	183	01:28:42
	198,6	35,38014	343	40,176	252,6	48,79819605	48,70366017	9,517302532	9,170556106		21,41061967	Stevens Elite	Trecking	14.08.2019	20:22:44	18:45:28	73	183	01:37:16
	213	36,67288	363,4	40,0068	259,8	48,79817611	48,7036424	9,523438923	9,170480417		23,46888078	Stevens Elite	Trecking	17.07.2018	20:19:14	18:43:55	73	183	01:35:19
	159,4	35,04541	321,4	41,2812	230,2	48,79824844	48,70364802	9,517408311	9,170916528		23,65228649	Stevens Elite	Trecking	16.04.2019	09:37:24	08:08:55	75	183	01:28:29
	236,2	35,29915	384,4	38,8296	260,2	48,79824936	48,70366705	9,517345531	9,170648726		20,70868607	Stevens Elite	Trecking	13.06.2019	20:17:39	18:30:11	73	183	01:47:28
139,4507614	156	34,38613	304	39,672	221	48,79825322	48,70362254	9,512704974	9,1708773		22,34553955	Stevens Elite	Trecking	15.04.2019	10:02:35	08:32:13	75	183	01:30:22
	195,6	35,34657	364,2	41,9544	257,2	48,79827476	48,70366135	9,517341843	9,170791302		23,92138773	Stevens Elite	Trecking	22.07.2019	08:55:59	07:27:29	73	183	01:28:30
	308,2	35,65794	370,2	41,7204	248,2	48,79813495	48,70367685	9,517221227	9,170660796		23,87434718	Stevens Elite	Trecking	20.09.2019	18:53:16	17:22:39	73	183	01:30:37
	191,8	34,84457	360,2	40,176	259,2	48,79828717	48,7036668	9,517376795	9,170690468		21,6353605	Stevens Elite	Trecking	19.04.2018	08:24:38	06:48:21	73	183	01:36:17
	224,6	35,00291	388	39,7728	256,6	48,79825439	48,70366604	9,517216114	9,170882497		24,11534596	Stevens Elite	Trecking	16.08.2019	09:26:50	08:01:08	73	183	01:25:42
136,0653951	242,2	35,58379	375,8	39,402	253,8	48,79827091	48,70364383	9,517153669	9,170547388		21,88104174	Stevens Elite	Trecking	18.05.2018	19:07:28	17:34:25	73	183	01:33:03
	270,2	35,37979	345,2	41,1804	241,2	48,79826001	48,70365372	9,517146628	9,17066264		25,29197032	Stevens Elite	Trecking	15.08.2019	18:34:47	17:11:04	73	183	01:23:43
	257,2	36,37722	398,2	37,9908	270,6	48,79820067	48,70363461	9,517197926	9,170600194		21,02990579	Stevens Elite	Trecking	08.07.2019	21:10:39	19:26:58	73	183	01:43:41
	152,6	35,15255	321,6	38,3256	232,4	48,79828842	48,703644	9,517222401	9,170803037		23,39728017	Stevens Elite	Trecking	10.07.2018	09:04:27	07:34:50	73	183	01:29:37
	142,4	34,66618	359,6	43,0632	273	48,79827367	48,70363561	9,517378053	9,170774035		23,90138509	Stevens Elite	Trecking	17.07.2018	08:51:15	07:23:58	73	183	01:27:17
	281,4	36,08647	414,2	38,124	265	48,8000042	48,70364626	9,517294317	9,170601033		20,80138621	Stevens Elite	Trecking	19.06.2020	17:10:44	15:26:15	73	183	01:44:29
	222,2	35,34956	363,6	37,2852	260,2	48,79831281	48,70363318	9,517249642	9,170408333		20,58321951	Stevens Elite	Trecking	24.06.2019	20:42:23	19:01:38	73	183	01:40:45
	145,4	35,15961	306,8	43,7688	216,2	48,79830527	48,70363193	9,517148975	9,170773029		24,2476381	Stevens Elite	Trecking	03.08.2018	08:01:11	06:34:22	73	183	01:26:49
	171,8	35,04142	295,8	36,7812	197	48,79808298	48,70365724	9,517265568	9,17080069		21,39425811	Stevens Elite	Trecking	17.09.2019	09:51:59	08:13:08	73	183	01:38:51
	214,6	36,84258	368,8	44,7768	255,6	48,79830913	48,70364173	9,523475552	9,170679823		23,54871631	Stevens Elite	Trecking	20.06.2018	20:25:39	18:52:12	73	183	01:33:27
	263,4	36,66047	200,6	41,922	112,2	48,79820452	48,70364685	9,523507236	9,170537246		22,44492075	Stevens Elite	Trecking	05.09.2018	18:56:26	17:18:44	70	183	01:37:42
	529,8	43,5772	502,6	44,5392	279,2	48,79818315	48,70365783	9,517226424	9,170685606		21,84125964	Stevens Elite	Trecking	17.07.2019	20:21:08	18:12:36	73	183	02:08:32
	255	36,25602	406	37,386	271	48,79827267	48,70187717	9,517225921	9,170289394		21,41020125	Stevens Elite	Trecking	24.05.2019	19:53:16	18:13:33	74	183	01:39:43
	180,2	35,12046	352,8	38,898	252,8	48,79827702	48,70365028	9,517283002	9,17084855		22,53715139	Stevens Elite	Trecking	08.07.2019	08:24:52	06:52:14	73	183	01:32:38
	216,8	34,86088	377,8	38,7972	250,4	48,79826194	48,70365422	9,517343352	9,170884425		22,1696293	Stevens Elite	Trecking	09.10.2018	09:02:16	07:28:19	73	183	01:33:57
	214,2	35,34313	352,6	39,0312	247,2	48,7982015	48,70361332	9,517319296	9,170673788		23,3536074	Stevens Elite	Trecking	02.07.2019	21:01:58	19:33:37	73	183	01:28:21
	199,8	34,79359	266	40,4424	172,2	48,7982787	48,70363461	9,5172654	9,170793565		24,35901794	Stevens Elite	Trecking	16.03.2017	08:49:31	07:22:58	75	183	01:26:33
	251,2	34,95344	348,2	41,0148	255,6	48,79830083	48,70366193	9,51726892	9,170564571		24,30467468	Stevens Elite	Trecking	13.04.2017	19:35:25	18:09:25	75	183	01:26:00
	242	34,8767	327,4	39,636	233,6	48,79832027	48,70368917	9,517261796	9,170459462		23,63916574	Stevens Elite	Trecking	18.05.2017	19:37:30	18:09:28	73	183	01:28:02
	275,4	35,36697	423,2	44,3736	259,8	48,79832597	48,70361508	9,517231705	9,170697089		22,13477125	Stevens Elite	Trecking	27.06.2019	21:14:39	19:40:50	73	183	01:33:49
	252,6	35,07201	333,2	40,4424	239	48,79832665	48,70364852	9,517214606	9,170468766		23,60857263	Stevens Elite	Trecking	04.08.2017	20:14:34	18:46:34	73	183	01:28:00
	280,8	35,15949	417,8	36,0108	255,6	48,7981896	48,70364785	9,517264813	9,170744363		20,77772004	Stevens Elite	Trecking	25.02.2019	18:35:04	16:54:48	75	183	01:40:16
	216,2	36,74129	364,2	42,7608	253,6	48,79821273	48,70360502	9,523474295	9,170464827		23,49285129	Stevens Elite	Trecking	20.08.2018	20:06:31	18:34:38	71	183	01:31:53
	224,8	36,01098	353,2	41,6844	242	48,79829228	48,70362095	9,51718552	9,170436244		23,17674592	Stevens Elite	Trecking	10.07.2019	20:25:42	18:53:25	73	183	01:32:17
	190,6	36,63029	308,4	44,2728	218,6	48,79832773	48,70366478	9,523493741	9,170669261		23,3748685	Stevens Elite	Trecking	20.09.2018	19:03:48	17:28:59	72	183	01:34:49
	216	36,38758	376,4	45,918	266,4	48,79820385	48,70365808	9,523485778	9,170538252		23,20618337	Stevens Elite	Trecking	04.07.2018	20:47:50	19:15:34	73	183	01:32:16
	137,2	8,12179	269,4	36,0432	176,6	48,8008128	48,7146776	9,526278041	9,170550322		19,0157224	Stevens Elite	Trecking	08.03.2017	19:17:43	17:58:10	75	183	01:19:33
	295,2	35,74456	377,2	39,4704	263,8	48,79814199	48,70367141	9,517224999	9,170694407		23,19133214	Stevens Elite	Trecking	19.05.2020	18:15:40	16:42:29	73	183	01:33:11
	204,8	34,69544	326	37,0836	228,8	48,79830846	48,70363528	9,517309992	9,170673955		22,67096203	Stevens Elite	Trecking	04.09.2017	08:22:49	06:49:34	73	183	01:33:15
	250	35,37967	326,8	36,7128	233,6	48,8000627	48,70370963	9,51730404	9,170708405		19,92717092	Stevens Elite	Trecking	03.11.2016	17:47:05	16:04:36	75	183	01:42:29
	127,2	6,90409	307,6	33,894	203,4	48,80087541	48,71525746	9,526039325	9,170608073		17,65374868	Stevens Elite	Trecking	11.06.2018	20:00:21	19:02:14	73	183	00:58:07
	258,6	34,92408	336	41,5836	240	48,79824928	48,70363419	9,517272692	9,171956638		24,43228266	Stevens Elite	Trecking	12.04.2017	19:27:12	18:02:49	75	183	01:24:23
	166,6	34,93165	332,4	38,5272	234,2	48,79828717	48,70368741	9,517427506	9,170918707		23,39715	Stevens Elite	Trecking	19.10.2018	09:01:01	07:32:28	75	183	01:28:33
	153,8	35,49034	319,6	38,3616	226,2	48,79828205	48,70365456	9,517295491	9,171024989		23,83512812	Stevens Elite	Trecking	09.07.2019	08:34:38	07:06:00	73	183	01:28:38
	279,2	35,02504	448,6	38,3616	259	48,79812104	48,70365288	9,517355086	9,170843437		23,63692134	Stevens Elite	Trecking	12.09.2019	09:40:23	08:11:49	73	183	01:28:34
	194,6	35,32186	328,2	37,5876	242,8	48,79829429	48,70361424	9,517313261	9,170735478		20,40530997	Stevens Elite	Trecking	16.04.2019	19:14:45	17:33:11	75	183	01:41:34
	162,2	35,00671	320,6	40,5756	230,8	48,79829982	48,70367895	9,51728493	9,170847544		22,76293729	Stevens Elite	Trecking	17.05.2019	09:08:53	07:37:29	74	183	01:31:24
	201,2	35,21189	392,6	36,648	301,8	48,79830997	48,7037201	9,517279817	9,170372374		20,44265398	Stevens Elite	Trecking	04.10.2018	19:20:10	17:38:37	73	183	01:41:33
	196,2	35,1139	332,4	39,7728	242,6	48,7982958	48,7036181	9,517116118	9,170466503		22,47713963	Stevens Elite	Trecking	02.05.2018	19:16:42	17:43:22	73	183	01:33:20
	242,4	36,31303	364,6	39,132	274,4	48,79830276	48,70364626	9,523566663	9,170807227		23,52675078	Stevens Elite	Trecking	16.05.2017	19:26:57	17:53:34	74	183	01:33:23
	201	36,70387	343,4	42,426	249,6	48,79832304	48,70366227	9,523489969	9,170475975		23,09385979	Stevens Elite	Trecking	16.07.2018	20:36:24	18:59:04	73	183	01:37:20
	301,4	34,91626	416,2	37,8216	277,2	48,79826462	48,70369689	9,517190466	9,170362316		20,91158182	Stevens Elite	Trecking	12.09.2017	20:16:25	18:37:00	73	183	01:39:25
	286,4	35,00172	383,8	39,2688	255,4	48,7983051	48,70363587	9,517290127	9,170517968		23,74666134	Stevens Elite	Trecking	04.07.2017	20:06:00	18:39:14	73	183	01:26:46
	157,2	35,04402	316,6	43,1316	226,6	48,7982611	48,70368063	9,517234219	9,170794738		23,43229815	Stevens Elite	Trecking	11.09.2018	08:07:40	06:38:16	70	183	01:29:24
	766,8	76,30725	490,8	52,47	220,2	48,81249634	48,70363193	9,517534459	9,170607068		23,61665313	Stevens Elite	Trecking	22.04.2020	18:13:59	10:54:37	74	183	07:19:22
	158,8	34,93754	316,6	36,7128	221,6	48,79826085	48,70366571	9,517336395	9,170667417		21,62507089	Stevens Elite	Trecking	25.02.2019	09:57:36	08:21:06	75	183	01:36:30
	170,8	38,60275	328,6	43,3332	235,4	48,79821064	48,70360854	9,517240673	9,170961874		22,32731556	Stevens Elite	Trecking	14.06.2018	08:16:13	06:30:53	73	183	01:45:20
	152,6	35,15121	312	41,382	220,4	48,79828566	48,70365179	9,517230531	9,170747716		23,25651319	Stevens Elite	Trecking	02.08.2018	08:11:05	06:40:30	73	183	01:30:35
	245,8	35,08163	456,8	40,9464	305	48,79833025	48,70361608	9,5175731	9,170728521		23,56683344	Stevens Elite	Trecking	09.07.2018	08:26:00	06:56:13	73	183	01:29:47
	171,6	34,95407	299,8	40,2768	210,2	48,79810729	48,70365674	9,517242098	9,170802534		23,01625363	Stevens Elite	Trecking	18.03.2020	09:53:26	08:21:05	75	183	01:32:21
	165,8	35,05993	333	41,652	243,8	48,79828507	48,70363201	9,517240422	9,170999844		24,47314623	Stevens Elite	Trecking	18.07.2018	08:32:36	07:04:46	73	183	01:27:50
	178,4	34,97122	330	38,4264	235,2	48,79827929	48,70363905	9,517242517	9,170834133		21,79143486	Stevens Elite	Trecking	12.04.2019	09:39:07	08:03:00	75	183	01:36:07
	211,4	34,94262	322,2	40,0752	224	48,79808969	48,70365632	9,517259449	9,170708405		23,82555383	Stevens Elite	Trecking	06.05.2020	10:03:49	08:36:56	73	183	01:26:53
	191,6	35,77877	323,2	39,5352	237,6	48,79818524	48,70367032	9,517305717	9,170930609		21,01617161	Stevens Elite	Trecking	27.08.2019	19:52:13	18:10:02	73	183	01:42:11
	225,2	35,93287	343,4	39,7044	246,8	48,79832262	48,70360326	9,517257521	9,170248741		20,06514034	Stevens Elite	Trecking	12.04.2019	18:19:51	16:35:10	75	183	01:44:41
	199,2	34,62327	317	40,7124	225,6	48,79826009	48,70364014	9,517304627	9,170800941		24,2230062	Stevens Elite	Trecking	04.08.2017	08:17:50	06:52:06	73	183	01:25:44
